شهر,تاریخ,نوع بازار,افق زمانی (روز),پیش‌بینی مدل,سیگما,دمای واقعی,خطای مطلق,بایاس علامت‌دار,نتیجه,سود/زیان (واحد),اطمینان,احتمال موفقیت
Munich,2026-09-21,بیشینه,0,16.94,1.05,17.0,0.06,0.06,win,5.74,0.2256,0.4798
Cape Town,2026-09-21,کمینه,0,15.21,1.4,14.0,1.21,-1.21,win,17.23,0.2402,0.399
Madrid,2026-09-21,کمینه,0,15.43,1.564,14.0,1.43,-1.43,loss,-8.3,0.6857,0.1066
Tel Aviv,2026-09-21,کمینه,,21.6,1.4,27.0,5.4,5.4,بدون سیگنال,,,
Ankara,2026-09-21,بیشینه,0,25.04,0.703,26.0,0.96,0.96,بدون سیگنال,,,
Milan,2026-09-21,کمینه,,17.44,1.4,16.0,1.44,-1.44,بدون سیگنال,,,
Hong Kong,2026-09-21,کمینه,1,26.66,1.4,27.0,0.34,0.34,بدون سیگنال,,,
Tel Aviv,2026-09-21,بیشینه,0,31.78,0.699,30.0,1.78,-1.78,loss,-10.0,0.1093,0.4375
Singapore,2026-09-21,بیشینه,0,31.88,0.959,33.0,1.12,1.12,بدون سیگنال,,,
Shanghai,2026-09-21,کمینه,0,22.39,1.4,22.0,0.39,-0.39,win,0.1,1.0,0.621
Seoul,2026-09-21,کمینه,0,17.29,1.4,19.0,1.71,1.71,win,0.3,0.9072,0.6011
Paris,2026-09-21,بیشینه,0,22.52,1.152,22.0,0.52,-0.52,loss,-10.0,0.116,0.4271
Seoul,2026-09-21,بیشینه,0,27.74,1.278,27.0,0.74,-0.74,بدون سیگنال,,,
Kuala Lumpur,2026-09-21,کمینه,,24.61,1.4,26.0,1.39,1.39,بدون سیگنال,,,
Shanghai,2026-09-21,بیشینه,0,28.03,0.968,29.0,0.97,0.97,بدون سیگنال,,,
Paris,2026-09-21,کمینه,0,10.77,1.4,11.0,0.23,0.23,بدون سیگنال,,,
Kuala Lumpur,2026-09-21,بیشینه,0,32.17,1.016,33.0,0.83,0.83,بدون سیگنال,,,
Istanbul,2026-09-21,بیشینه,0,24.8,1.016,26.0,1.2,1.2,بدون سیگنال,,,
Hong Kong,2026-09-21,بیشینه,1,31.42,0.987,33.0,1.58,1.58,بدون سیگنال,,,
Ankara,2026-09-21,کمینه,0,14.33,1.4,14.0,0.33,-0.33,loss,-10.16,0.5915,0.1665
Istanbul,2026-09-21,کمینه,,19.11,1.4,19.0,0.11,-0.11,بدون سیگنال,,,
Tokyo,2026-09-21,بیشینه,0,25.56,0.594,26.0,0.44,0.44,loss,-10.0,0.0128,0.3233
Munich,2026-09-21,کمینه,,10.42,1.4,7.0,3.42,-3.42,بدون سیگنال,,,
Madrid,2026-09-21,بیشینه,0,31.79,0.952,33.0,1.21,1.21,بدون سیگنال,,,
Cape Town,2026-09-21,بیشینه,0,27.96,1.4,27.0,0.96,-0.96,بدون سیگنال,,,
Jeddah,2026-09-21,بیشینه,0,37.26,1.028,36.0,1.26,-1.26,بدون سیگنال,,,
Jeddah,2026-09-21,کمینه,,28.14,1.4,30.0,1.86,1.86,بدون سیگنال,,,
Milan,2026-09-21,بیشینه,0,30.61,0.783,30.0,0.61,-0.61,loss,-10.0,0.0195,0.4271
Tokyo,2026-09-21,کمینه,0,21.3,1.4,22.0,0.7,0.7,win,1.56,0.5221,0.5292
Singapore,2026-09-21,کمینه,0,25.53,1.4,26.0,0.47,0.47,loss,-10.0,1.0,0.5916
Chicago,2026-09-20,بیشینه,0,68.46,1.281,70.5,2.04,2.04,بدون سیگنال,,,
Istanbul,2026-09-20,کمینه,,19.55,1.4,21.0,1.45,1.45,بدون سیگنال,,,
Jeddah,2026-09-20,بیشینه,0,37.78,1.054,36.0,1.78,-1.78,بدون سیگنال,,,
Mexico City,2026-09-20,بیشینه,0,24.26,1.946,26.0,1.74,1.74,win,0.02,1.0,0.5541
Milan,2026-09-20,بیشینه,0,26.31,0.792,27.0,0.69,0.69,win,4.6,0.4298,0.488
Istanbul,2026-09-20,بیشینه,1,23.84,0.448,24.0,0.16,0.16,win,5.5,0.3682,0.515
Jeddah,2026-09-20,کمینه,0,28.4,1.4,30.0,1.6,1.6,loss,-10.0,0.1518,0.3642
Ankara,2026-09-20,بیشینه,0,23.97,0.676,25.0,1.03,1.03,loss,-10.0,0.3383,0.4699
Miami,2026-09-20,بیشینه,1,86.77,2.255,88.5,1.73,1.73,بدون سیگنال,,,
Los Angeles,2026-09-20,بیشینه,0,72.05,7.394,76.5,4.45,4.45,win,0.0,0.2527,0.5181
Shanghai,2026-09-20,بیشینه,0,28.11,0.592,28.0,0.11,-0.11,win,4.6,0.8021,0.6056
Kuala Lumpur,2026-09-20,بیشینه,0,31.97,0.927,33.0,1.03,1.03,بدون سیگنال,,,
Paris,2026-09-20,کمینه,0,14.07,1.4,13.0,1.07,-1.07,بدون سیگنال,,,
Atlanta,2026-09-20,بیشینه,2,94.12,1.388,88.5,5.62,-5.62,بدون سیگنال,,,
Chicago,2026-09-20,کمینه,,63.48,2.5,62.5,0.98,-0.98,بدون سیگنال,,,
Atlanta,2026-09-20,کمینه,0,70.78,2.5,70.5,0.28,-0.28,win,1.17,0.6536,0.4399
Austin,2026-09-20,بیشینه,0,98.39,1.793,96.5,1.89,-1.89,win,0.01,0.2393,0.5553
Milan,2026-09-20,کمینه,0,16.35,1.4,,,,loss,-14.06,0.2447,0.2436
Cape Town,2026-09-20,کمینه,0,14.5,1.4,13.0,1.5,-1.5,loss,-11.16,0.5267,0.1665
Tel Aviv,2026-09-20,بیشینه,0,30.92,1.012,31.0,0.08,0.08,بدون سیگنال,,,
Toronto,2026-09-20,بیشینه,1,20.8,0.909,21.0,0.2,0.2,بدون سیگنال,,,
Tokyo,2026-09-20,کمینه,0,21.49,1.4,22.0,0.51,0.51,بدون سیگنال,,,
Seoul,2026-09-20,بیشینه,0,27.75,1.265,26.0,1.75,-1.75,loss,-10.0,0.1543,0.4283
New York,2026-09-20,بیشینه,1,71.4,1.633,72.5,1.1,1.1,بدون سیگنال,,,
Seoul,2026-09-20,کمینه,0,18.74,1.4,19.0,0.26,0.26,win,0.2,0.8249,0.6081
New York,2026-09-20,کمینه,1,64.03,2.5,64.5,0.47,0.47,بدون سیگنال,,,
Tel Aviv,2026-09-20,کمینه,,22.05,1.4,24.0,1.95,1.95,بدون سیگنال,,,
Dallas,2026-09-20,بیشینه,0,96.82,1.438,96.5,0.32,-0.32,win,0.01,1.0,0.6191
Paris,2026-09-20,بیشینه,0,23.01,1.169,24.0,0.99,0.99,بدون سیگنال,,,
Denver,2026-09-20,کمینه,0,51.93,2.5,50.5,1.43,-1.43,بدون سیگنال,,,
Tokyo,2026-09-20,بیشینه,0,23.35,0.552,23.0,0.35,-0.35,بدون سیگنال,,,
Houston,2026-09-20,کمینه,0,75.45,2.788,76.5,1.05,1.05,win,0.7,0.4613,0.4067
Singapore,2026-09-20,کمینه,0,25.92,1.4,27.0,1.08,1.08,بدون سیگنال,,,
Munich,2026-09-20,بیشینه,0,23.13,1.067,24.0,0.87,0.87,win,6.26,0.0311,0.4559
Kuala Lumpur,2026-09-20,کمینه,,24.82,1.4,27.0,2.18,2.18,بدون سیگنال,,,
Munich,2026-09-20,کمینه,0,13.07,1.4,9.0,4.07,-4.07,بدون سیگنال,,,
Hong Kong,2026-09-20,بیشینه,0,32.38,1.002,33.0,0.62,0.62,بدون سیگنال,,,
Miami,2026-09-20,کمینه,1,76.9,2.799,72.5,4.4,-4.4,بدون سیگنال,,,
Los Angeles,2026-09-20,کمینه,0,65.66,2.5,68.5,2.84,2.84,بدون سیگنال,,,
Shanghai,2026-09-20,کمینه,0,23.24,1.4,23.0,0.24,-0.24,loss,-10.0,0.1227,0.3861
Cape Town,2026-09-20,بیشینه,0,26.52,2.094,26.0,0.52,-0.52,بدون سیگنال,,,
Denver,2026-09-20,بیشینه,0,70.63,2.5,74.5,3.87,3.87,win,0.02,0.43,0.5229
Ankara,2026-09-20,کمینه,0,14.24,1.4,14.0,0.24,-0.24,win,11.28,0.2681,0.6062
Dallas,2026-09-20,کمینه,,78.66,2.5,80.5,1.84,1.84,بدون سیگنال,,,
Houston,2026-09-20,بیشینه,0,95.16,0.802,92.5,2.66,-2.66,بدون سیگنال,,,
Toronto,2026-09-20,کمینه,,11.13,1.4,13.0,1.87,1.87,بدون سیگنال,,,
Madrid,2026-09-20,بیشینه,0,30.97,0.994,31.0,0.03,0.03,بدون سیگنال,,,
Singapore,2026-09-20,بیشینه,0,31.1,0.982,31.0,0.1,-0.1,بدون سیگنال,,,
Mexico City,2026-09-20,کمینه,0,13.17,1.4,13.0,0.17,-0.17,win,1.11,1.0,0.6278
Madrid,2026-09-20,کمینه,0,15.65,1.4,16.0,0.35,0.35,loss,-10.0,0.1432,0.5331
Austin,2026-09-20,کمینه,0,75.95,2.5,70.5,5.45,-5.45,win,1.3,0.2862,0.4851
Hong Kong,2026-09-20,کمینه,0,26.24,1.4,27.0,0.76,0.76,win,0.42,0.778,0.5932
New York,2026-09-19,کمینه,1,63.02,2.5,64.5,1.48,1.48,بدون سیگنال,,,
Chicago,2026-09-19,کمینه,0,63.1,2.5,,,,بدون سیگنال,,,
Cape Town,2026-09-19,بیشینه,0,22.52,1.614,23.0,0.48,0.48,بدون سیگنال,,,
Tel Aviv,2026-09-19,بیشینه,0,29.99,0.763,30.0,0.01,0.01,win,3.61,0.0956,0.5281
Shanghai,2026-09-19,کمینه,0,24.42,1.4,24.0,0.42,-0.42,loss,-10.0,0.2945,0.5114
Milan,2026-09-19,کمینه,0,15.24,1.4,15.0,0.24,-0.24,win,10.0,0.6592,0.6225
Singapore,2026-09-19,کمینه,0,25.17,1.4,27.0,1.83,1.83,بدون سیگنال,,,
Jeddah,2026-09-19,بیشینه,0,36.21,0.875,37.0,0.79,0.79,بدون سیگنال,,,
Seoul,2026-09-19,کمینه,0,19.62,1.4,20.0,0.38,0.38,win,0.31,1.0,0.6159
Denver,2026-09-19,بیشینه,0,75.97,2.5,76.5,0.53,0.53,win,0.02,1.0,0.5697
New York,2026-09-19,بیشینه,1,73.75,1.72,70.5,3.25,-3.25,win,10.21,0.153,0.3407
Seoul,2026-09-19,بیشینه,0,28.66,1.292,28.0,0.66,-0.66,win,6.39,0.1923,0.426
Houston,2026-09-19,کمینه,,75.85,2.5,,,,بدون سیگنال,,,
Munich,2026-09-19,بیشینه,0,21.88,1.114,22.0,0.12,0.12,بدون سیگنال,,,
Los Angeles,2026-09-19,بیشینه,0,73.26,7.394,76.5,3.24,3.24,win,0.0,0.131,0.5208
Austin,2026-09-19,کمینه,,75.95,2.5,,,,بدون سیگنال,,,
Madrid,2026-09-19,کمینه,,15.3,1.4,14.0,1.3,-1.3,بدون سیگنال,,,
Miami,2026-09-19,کمینه,1,77.07,2.635,74.5,2.57,-2.57,بدون سیگنال,,,
Austin,2026-09-19,بیشینه,0,96.26,1.974,96.5,0.24,0.24,win,0.01,1.0,0.5915
Shanghai,2026-09-19,بیشینه,0,27.81,0.616,27.0,0.81,-0.81,بدون سیگنال,,,
Istanbul,2026-09-19,کمینه,0,17.79,1.4,16.0,1.79,-1.79,loss,-10.0,0.7024,0.63
Denver,2026-09-19,کمینه,,55.63,2.5,54.5,1.13,-1.13,بدون سیگنال,,,
Tokyo,2026-09-19,کمینه,0,20.44,1.4,21.0,0.56,0.56,win,1.3,0.5891,0.552
Miami,2026-09-19,بیشینه,1,86.08,1.622,88.5,2.42,2.42,loss,-10.0,0.0329,0.298
Los Angeles,2026-09-19,کمینه,0,63.93,2.5,66.5,2.57,2.57,win,0.75,0.0569,0.2286
Munich,2026-09-19,کمینه,0,10.06,1.4,8.0,2.06,-2.06,win,1.84,0.3955,0.4231
Hong Kong,2026-09-19,کمینه,0,25.87,1.4,27.0,1.13,1.13,win,0.7,0.6334,0.561
Chicago,2026-09-19,بیشینه,0,70.81,2.121,70.5,0.31,-0.31,win,0.26,0.2127,0.5789
Hong Kong,2026-09-19,بیشینه,0,31.94,1.002,33.0,1.06,1.06,بدون سیگنال,,,
Paris,2026-09-19,بیشینه,0,24.52,1.213,25.0,0.48,0.48,win,8.69,0.1012,0.405
Houston,2026-09-19,بیشینه,0,92.86,2.009,92.5,0.36,-0.36,win,0.01,1.0,0.5906
Cape Town,2026-09-19,کمینه,,12.59,1.4,13.0,0.41,0.41,بدون سیگنال,,,
Kuala Lumpur,2026-09-19,بیشینه,0,31.93,1.14,32.0,0.07,0.07,بدون سیگنال,,,
Mexico City,2026-09-19,بیشینه,0,23.4,2.331,25.0,1.6,1.6,win,0.02,1.0,0.5635
Istanbul,2026-09-19,بیشینه,0,23.93,0.462,24.0,0.07,0.07,بدون سیگنال,,,
Singapore,2026-09-19,بیشینه,0,31.93,0.932,34.0,2.07,2.07,بدون سیگنال,,,
Toronto,2026-09-19,بیشینه,1,17.99,0.858,18.0,0.01,0.01,بدون سیگنال,,,
Mexico City,2026-09-19,کمینه,,12.36,1.4,15.0,2.64,2.64,بدون سیگنال,,,
Madrid,2026-09-19,بیشینه,1,27.79,1.001,29.0,1.21,1.21,win,6.26,0.1866,0.4821
Kuala Lumpur,2026-09-19,کمینه,,,,,,,بدون سیگنال,,,
Ankara,2026-09-19,کمینه,0,13.17,1.4,12.0,1.17,-1.17,loss,-10.0,0.0172,0.3128
Atlanta,2026-09-19,بیشینه,1,93.61,3.249,90.5,3.11,-3.11,بدون سیگنال,,,
Atlanta,2026-09-19,کمینه,0,71.75,2.5,70.5,1.25,-1.25,win,1.11,0.7714,0.5588
Tel Aviv,2026-09-19,کمینه,,22.89,1.4,24.0,1.11,1.11,بدون سیگنال,,,
Toronto,2026-09-19,کمینه,0,10.34,1.4,,,,بدون سیگنال,,,
Milan,2026-09-19,بیشینه,0,25.83,0.814,26.0,0.17,0.17,بدون سیگنال,,,
Paris,2026-09-19,کمینه,0,13.13,1.4,13.0,0.13,-0.13,بدون سیگنال,,,
Jeddah,2026-09-19,کمینه,0,28.97,1.4,31.0,2.03,2.03,بدون سیگنال,,,
Dallas,2026-09-19,بیشینه,0,98.12,1.589,96.5,1.62,-1.62,win,0.01,0.1933,0.5669
Tokyo,2026-09-19,بیشینه,0,25.12,1.137,24.0,1.12,-1.12,بدون سیگنال,,,
Dallas,2026-09-19,کمینه,,76.39,2.5,78.5,2.11,2.11,بدون سیگنال,,,
Ankara,2026-09-19,بیشینه,0,22.18,0.614,24.0,1.82,1.82,win,5.03,0.1254,0.5031
Ankara,2026-09-18,بیشینه,0,22.44,0.864,24.0,1.56,1.56,بدون سیگنال,,,
Paris,2026-09-18,بیشینه,0,22.27,1.265,22.0,0.27,-0.27,win,4.81,0.3002,0.4702
Tel Aviv,2026-09-18,بیشینه,0,29.64,0.774,30.0,0.36,0.36,بدون سیگنال,,,
Kuala Lumpur,2026-09-18,کمینه,,,,,,,بدون سیگنال,,,
Atlanta,2026-09-18,کمینه,0,69.72,2.832,,,,loss,-10.0,0.8099,0.4804
Munich,2026-09-18,کمینه,0,11.18,1.4,,,,بدون سیگنال,,,
Paris,2026-09-18,کمینه,0,11.5,1.4,11.0,0.5,-0.5,بدون سیگنال,,,
New York,2026-09-18,کمینه,1,71.71,2.5,70.5,1.21,-1.21,بدون سیگنال,,,
Jeddah,2026-09-18,کمینه,0,28.82,1.4,30.0,1.18,1.18,بدون سیگنال,,,
Houston,2026-09-18,کمینه,0,78.45,2.5,76.5,1.95,-1.95,win,0.53,0.3853,0.3709
Houston,2026-09-18,بیشینه,0,92.6,1.615,92.5,0.1,-0.1,win,0.01,1.0,0.6127
Toronto,2026-09-18,کمینه,0,13.25,1.4,14.0,0.75,0.75,win,9.61,0.8837,0.6095
Hong Kong,2026-09-18,کمینه,0,25.88,1.4,27.0,1.12,1.12,win,0.63,0.5801,0.5536
Cape Town,2026-09-18,بیشینه,0,19.68,1.4,22.0,2.32,2.32,loss,-10.0,0.0626,0.3279
Shanghai,2026-09-18,کمینه,0,24.12,1.4,25.0,0.88,0.88,win,0.36,0.7319,0.5919
Ankara,2026-09-18,کمینه,,,,,,,بدون سیگنال,,,
Miami,2026-09-18,بیشینه,1,86.92,2.501,88.5,1.58,1.58,بدون سیگنال,,,
Seoul,2026-09-18,کمینه,0,18.55,1.4,19.0,0.45,0.45,win,0.26,1.0,0.6091
New York,2026-09-18,بیشینه,1,82.9,1.633,80.5,2.4,-2.4,بدون سیگنال,,,
Singapore,2026-09-18,بیشینه,0,31.81,1.025,33.0,1.19,1.19,بدون سیگنال,,,
Atlanta,2026-09-18,بیشینه,1,95.66,2.42,92.5,3.16,-3.16,loss,-10.0,0.3228,0.3842
Denver,2026-09-18,بیشینه,0,83.49,2.5,86.5,3.01,3.01,win,0.02,0.6915,0.5297
Tokyo,2026-09-18,بیشینه,0,25.08,1.063,25.0,0.08,-0.08,بدون سیگنال,,,
Mexico City,2026-09-18,بیشینه,0,22.63,1.939,24.0,1.37,1.37,win,0.02,1.0,0.5679
Toronto,2026-09-18,بیشینه,1,21.03,0.685,21.0,0.03,-0.03,بدون سیگنال,,,
Mexico City,2026-09-18,کمینه,0,11.7,1.4,14.0,2.3,2.3,بدون سیگنال,,,
Chicago,2026-09-18,بیشینه,0,72.12,0.972,70.5,1.62,-1.62,بدون سیگنال,,,
Dallas,2026-09-18,بیشینه,0,98.66,1.549,96.5,2.16,-2.16,win,0.01,0.0138,0.5525
Istanbul,2026-09-18,بیشینه,0,23.3,0.455,24.0,0.7,0.7,loss,-10.0,0.1739,0.5092
Hong Kong,2026-09-18,بیشینه,0,30.74,1.011,,,,بدون سیگنال,,,
Shanghai,2026-09-18,بیشینه,0,28.33,0.578,29.0,0.67,0.67,بدون سیگنال,,,
Singapore,2026-09-18,کمینه,,,,,,,بدون سیگنال,,,
Tel Aviv,2026-09-18,کمینه,,,,26.0,,,بدون سیگنال,,,
Milan,2026-09-18,بیشینه,0,21.93,0.806,23.0,1.07,1.07,loss,-10.0,0.0572,0.3457
Istanbul,2026-09-18,کمینه,0,18.67,1.4,20.0,1.33,1.33,loss,-10.0,1.0,0.5216
Cape Town,2026-09-18,کمینه,,,,,,,بدون سیگنال,,,
Dallas,2026-09-18,کمینه,,,,,,,بدون سیگنال,,,
Seoul,2026-09-18,بیشینه,0,29.16,1.304,28.0,1.16,-1.16,بدون سیگنال,,,
Milan,2026-09-18,کمینه,0,16.76,1.4,,,,loss,-6.3,0.6911,0.1841
Miami,2026-09-18,کمینه,1,75.45,2.5,76.5,1.05,1.05,بدون سیگنال,,,
Chicago,2026-09-18,کمینه,0,63.96,2.5,64.5,0.54,0.54,بدون سیگنال,,,
Munich,2026-09-18,بیشینه,0,20.46,1.149,21.0,0.54,0.54,win,5.03,0.3829,0.4784
Los Angeles,2026-09-18,بیشینه,1,70.94,7.394,76.5,5.56,5.56,بدون سیگنال,,,
Austin,2026-09-18,کمینه,0,78.05,2.5,72.5,5.55,-5.55,win,1.44,0.2644,0.4825
Denver,2026-09-18,کمینه,,,,,,,بدون سیگنال,,,
Jeddah,2026-09-18,بیشینه,0,37.8,0.895,38.0,0.2,0.2,بدون سیگنال,,,
Tokyo,2026-09-18,کمینه,0,19.3,1.4,22.0,2.7,2.7,بدون سیگنال,,,
Madrid,2026-09-18,بیشینه,0,27.42,1.03,28.0,0.58,0.58,بدون سیگنال,,,
Kuala Lumpur,2026-09-18,بیشینه,0,32.54,1.333,33.0,0.46,0.46,بدون سیگنال,,,
Austin,2026-09-18,بیشینه,0,97.21,2.193,96.5,0.71,-0.71,win,0.01,1.0,0.5812
Los Angeles,2026-09-18,کمینه,0,66.9,2.5,66.5,0.4,-0.4,win,1.9,0.5664,0.2679
Madrid,2026-09-18,کمینه,,,,,,,بدون سیگنال,,,
Seoul,2026-09-17,بیشینه,0,27.97,1.324,27.0,0.97,-0.97,بدون سیگنال,,,
Toronto,2026-09-17,بیشینه,1,24.15,1.307,24.0,0.15,-0.15,بدون سیگنال,,,
Austin,2026-09-17,بیشینه,0,94.6,2.871,96.5,1.9,1.9,win,0.02,0.9211,0.551
Mexico City,2026-09-17,بیشینه,0,22.56,2.005,24.0,1.44,1.44,win,0.02,1.0,0.574
Houston,2026-09-17,کمینه,,,,,,,بدون سیگنال,,,
Toronto,2026-09-17,کمینه,0,14.41,1.4,16.0,1.59,1.59,win,0.02,0.7855,0.564
Milan,2026-09-17,کمینه,,,,,,,بدون سیگنال,,,
Tokyo,2026-09-17,بیشینه,0,24.85,0.805,24.0,0.85,-0.85,بدون سیگنال,,,
Istanbul,2026-09-17,کمینه,0,17.27,1.4,17.0,0.27,-0.27,بدون سیگنال,,,
Denver,2026-09-17,بیشینه,0,79.94,2.5,80.5,0.56,0.56,win,0.02,1.0,0.5697
Austin,2026-09-17,کمینه,0,77.69,2.5,74.5,3.19,-3.19,win,2.79,0.4856,0.382
Jeddah,2026-09-17,بیشینه,0,37.67,0.86,36.0,1.67,-1.67,بدون سیگنال,,,
Jeddah,2026-09-17,کمینه,0,29.08,1.4,31.0,1.92,1.92,بدون سیگنال,,,
Madrid,2026-09-17,بیشینه,0,26.58,1.063,27.0,0.42,0.42,بدون سیگنال,,,
Dallas,2026-09-17,کمینه,,,,,,,بدون سیگنال,,,
Los Angeles,2026-09-17,بیشینه,1,70.39,7.394,76.5,6.11,6.11,بدون سیگنال,,,
Houston,2026-09-17,بیشینه,1,87.04,1.834,86.5,0.54,-0.54,بدون سیگنال,,,
Madrid,2026-09-17,کمینه,,,,,,,بدون سیگنال,,,
New York,2026-09-17,بیشینه,1,82.62,1.633,84.5,1.88,1.88,بدون سیگنال,,,
Munich,2026-09-17,کمینه,,,,,,,بدون سیگنال,,,
Miami,2026-09-17,کمینه,1,78.85,2.881,76.5,2.35,-2.35,بدون سیگنال,,,
Shanghai,2026-09-17,کمینه,0,22.84,1.4,23.0,0.16,0.16,win,0.2,1.0,0.6211
Mexico City,2026-09-17,کمینه,,,,,,,بدون سیگنال,,,
Hong Kong,2026-09-17,کمینه,0,25.9,1.4,27.0,1.1,1.1,win,0.7,0.6221,0.5657
Ankara,2026-09-17,کمینه,0,13.18,1.4,,,,loss,-10.0,1.0,0.6254
Los Angeles,2026-09-17,کمینه,0,67.76,2.5,68.5,0.74,0.74,بدون سیگنال,,,
Hong Kong,2026-09-17,بیشینه,0,30.61,1.043,31.0,0.39,0.39,بدون سیگنال,,,
Chicago,2026-09-17,کمینه,0,64.45,2.5,66.5,2.05,2.05,بدون سیگنال,,,
Ankara,2026-09-17,بیشینه,0,19.58,1.782,18.0,1.58,-1.58,بدون سیگنال,,,
Kuala Lumpur,2026-09-17,کمینه,,,,,,,بدون سیگنال,,,
Miami,2026-09-17,بیشینه,1,87.15,1.622,84.5,2.65,-2.65,loss,-10.0,0.0275,0.3329
Singapore,2026-09-17,کمینه,,,,,,,بدون سیگنال,,,
Denver,2026-09-17,کمینه,,,,,,,بدون سیگنال,,,
Seoul,2026-09-17,کمینه,0,17.59,1.4,18.0,0.41,0.41,win,0.16,1.0,0.6101
Istanbul,2026-09-17,بیشینه,0,22.84,0.464,23.0,0.16,0.16,loss,-10.0,0.0104,0.5269
Dallas,2026-09-17,بیشینه,0,97.95,1.149,96.5,1.45,-1.45,بدون سیگنال,,,
Singapore,2026-09-17,بیشینه,0,32.11,0.905,33.0,0.89,0.89,بدون سیگنال,,,
Paris,2026-09-17,بیشینه,0,22.61,1.29,22.0,0.61,-0.61,بدون سیگنال,,,
Munich,2026-09-17,بیشینه,0,19.87,1.187,20.0,0.13,0.13,win,9.81,0.0658,0.398
New York,2026-09-17,کمینه,1,69.46,2.5,72.5,3.04,3.04,بدون سیگنال,,,
Chicago,2026-09-17,بیشینه,0,78.72,1.691,78.5,0.22,-0.22,win,0.01,1.0,0.6088
Shanghai,2026-09-17,بیشینه,0,28.15,0.682,29.0,0.85,0.85,بدون سیگنال,,,
Cape Town,2026-09-17,بیشینه,0,17.13,1.4,20.0,2.87,2.87,loss,-10.0,0.1665,0.3769
Tokyo,2026-09-17,کمینه,0,18.89,1.4,20.0,1.11,1.11,بدون سیگنال,,,
Cape Town,2026-09-17,کمینه,0,12.04,1.4,,,,loss,-10.0,0.8677,0.4742
Atlanta,2026-09-17,کمینه,0,67.5,2.5,70.5,3.0,3.0,بدون سیگنال,,,
Paris,2026-09-17,کمینه,0,12.78,1.4,13.0,0.22,0.22,بدون سیگنال,,,
Kuala Lumpur,2026-09-17,بیشینه,0,32.91,1.045,33.0,0.09,0.09,بدون سیگنال,,,
Atlanta,2026-09-17,بیشینه,1,91.83,2.733,88.5,3.33,-3.33,loss,-10.0,0.1378,0.3624
Tel Aviv,2026-09-17,کمینه,0,22.66,1.4,25.0,2.34,2.34,بدون سیگنال,,,
Tel Aviv,2026-09-17,بیشینه,0,35.08,1.383,34.0,1.08,-1.08,win,2.99,0.2465,0.4828
Milan,2026-09-17,بیشینه,0,24.52,0.873,24.0,0.52,-0.52,loss,-10.0,0.1141,0.4914
Ankara,2026-09-16,بیشینه,0,23.23,2.068,23.0,0.23,-0.23,بدون سیگنال,,,
Houston,2026-09-16,بیشینه,0,92.57,1.747,92.5,0.07,-0.07,win,0.01,1.0,0.6042
Toronto,2026-09-16,بیشینه,1,25.1,1.216,25.0,0.1,-0.1,بدون سیگنال,,,
Mexico City,2026-09-16,بیشینه,0,24.05,1.886,26.0,1.95,1.95,win,0.02,1.0,0.5621
Tokyo,2026-09-16,کمینه,0,19.71,1.4,21.0,1.29,1.29,بدون سیگنال,,,
Shanghai,2026-09-16,بیشینه,0,27.93,0.601,28.0,0.07,0.07,win,2.74,0.8763,0.6072
Dallas,2026-09-16,کمینه,0,81.01,2.5,82.5,1.49,1.49,win,0.01,0.797,0.5634
Tel Aviv,2026-09-16,بیشینه,0,35.81,0.642,33.0,2.81,-2.81,بدون سیگنال,,,
Kuala Lumpur,2026-09-16,کمینه,0,25.13,1.4,,,,بدون سیگنال,,,
Toronto,2026-09-16,کمینه,0,15.96,1.4,17.0,1.04,1.04,win,0.02,0.8523,0.591
Chicago,2026-09-16,بیشینه,0,75.38,1.724,76.5,1.12,1.12,win,0.02,0.5763,0.5757
Austin,2026-09-16,کمینه,0,77.88,2.5,72.5,5.38,-5.38,win,0.36,0.309,0.4891
Cape Town,2026-09-16,کمینه,,,,,,,بدون سیگنال,,,
Paris,2026-09-16,بیشینه,0,22.66,1.209,23.0,0.34,0.34,بدون سیگنال,,,
Singapore,2026-09-16,بیشینه,0,30.75,0.786,34.0,3.25,3.25,بدون سیگنال,,,
Milan,2026-09-16,کمینه,,,,,,,بدون سیگنال,,,
Dallas,2026-09-16,بیشینه,0,99.81,1.176,98.5,1.31,-1.31,win,0.01,0.1182,0.5723
Chicago,2026-09-16,کمینه,,,,,,,بدون سیگنال,,,
Jeddah,2026-09-16,کمینه,,,,,,,بدون سیگنال,,,
Tel Aviv,2026-09-16,کمینه,0,22.62,1.4,24.0,1.38,1.38,بدون سیگنال,,,
Miami,2026-09-16,کمینه,1,79.37,2.779,78.5,0.87,-0.87,بدون سیگنال,,,
Kuala Lumpur,2026-09-16,بیشینه,0,33.46,1.077,33.0,0.46,-0.46,بدون سیگنال,,,
New York,2026-09-16,بیشینه,1,77.96,2.522,78.5,0.54,0.54,بدون سیگنال,,,
Singapore,2026-09-16,کمینه,,,,,,,بدون سیگنال,,,
Seoul,2026-09-16,کمینه,0,14.24,1.4,16.0,1.76,1.76,win,0.2,0.6485,0.5524
Los Angeles,2026-09-16,بیشینه,0,71.53,7.394,78.5,6.97,6.97,win,0.0,0.1319,0.513
Madrid,2026-09-16,کمینه,,,,,,,بدون سیگنال,,,
Cape Town,2026-09-16,بیشینه,0,16.04,1.4,18.0,1.96,1.96,بدون سیگنال,,,
Atlanta,2026-09-16,کمینه,,,,,,,بدون سیگنال,,,
Houston,2026-09-16,کمینه,0,78.4,2.5,78.5,0.1,0.1,win,0.87,0.6525,0.4878
Austin,2026-09-16,بیشینه,0,97.42,1.727,98.5,1.08,1.08,win,0.02,0.6037,0.593
Istanbul,2026-09-16,کمینه,,,,21.0,,,بدون سیگنال,,,
Hong Kong,2026-09-16,بیشینه,0,30.45,1.084,31.0,0.55,0.55,بدون سیگنال,,,
New York,2026-09-16,کمینه,1,62.43,3.062,64.5,2.07,2.07,بدون سیگنال,,,
Istanbul,2026-09-16,بیشینه,0,21.34,0.637,22.0,0.66,0.66,win,2.12,0.567,0.5776
Jeddah,2026-09-16,بیشینه,0,39.75,1.899,39.0,0.75,-0.75,بدون سیگنال,,,
Denver,2026-09-16,بیشینه,0,81.36,2.5,88.5,7.14,7.14,win,0.05,0.337,0.5015
Ankara,2026-09-16,کمینه,,,,,,,بدون سیگنال,,,
Los Angeles,2026-09-16,کمینه,0,67.0,2.5,68.5,1.5,1.5,بدون سیگنال,,,
Shanghai,2026-09-16,کمینه,0,22.14,1.4,21.0,1.14,-1.14,win,0.06,0.8282,0.577
Atlanta,2026-09-16,بیشینه,1,90.35,1.981,88.5,1.85,-1.85,win,7.7,0.0842,0.3719
Madrid,2026-09-16,بیشینه,0,28.56,1.056,28.0,0.56,-0.56,win,12.22,0.0015,0.3978
Tokyo,2026-09-16,بیشینه,0,22.57,0.564,23.0,0.43,0.43,win,0.7,0.6977,0.7094
Milan,2026-09-16,بیشینه,0,27.07,0.817,28.0,0.93,0.93,loss,-10.0,0.7406,0.5488
Seoul,2026-09-16,بیشینه,0,27.42,1.36,27.0,0.42,-0.42,win,9.8,0.0963,0.3705
Munich,2026-09-16,بیشینه,0,24.91,1.145,27.0,2.09,2.09,بدون سیگنال,,,
Mexico City,2026-09-16,کمینه,0,11.34,1.4,13.0,1.66,1.66,win,0.2,0.5985,0.5017
Paris,2026-09-16,کمینه,0,13.76,1.4,14.0,0.24,0.24,بدون سیگنال,,,
Munich,2026-09-16,کمینه,0,14.96,1.4,12.0,2.96,-2.96,بدون سیگنال,,,
Denver,2026-09-16,کمینه,0,53.62,2.5,,,,بدون سیگنال,,,
Miami,2026-09-16,بیشینه,1,88.69,1.622,90.5,1.81,1.81,بدون سیگنال,,,
Hong Kong,2026-09-16,کمینه,0,26.05,1.4,27.0,0.95,0.95,win,0.81,0.5698,0.5416
Toronto,2026-09-15,کمینه,0,13.05,1.4,14.0,0.95,0.95,بدون سیگنال,,,
Atlanta,2026-09-15,بیشینه,0,90.53,1.137,90.5,0.03,-0.03,win,0.01,1.0,0.657
Dallas,2026-09-15,کمینه,0,80.33,2.5,80.5,0.17,0.17,win,0.26,0.1852,0.3744
Tokyo,2026-09-15,بیشینه,0,27.13,0.856,28.0,0.87,0.87,بدون سیگنال,,,
Atlanta,2026-09-15,کمینه,0,72.58,2.5,74.5,1.92,1.92,بدون سیگنال,,,
Mexico City,2026-09-15,کمینه,0,12.19,1.4,13.0,0.81,0.81,win,1.43,0.7266,0.6121
Munich,2026-09-15,بیشینه,0,24.23,1.186,24.0,0.23,-0.23,loss,-10.0,0.1602,0.4958
Istanbul,2026-09-15,بیشینه,0,22.21,0.446,23.0,0.79,0.79,بدون سیگنال,,,
Ankara,2026-09-15,بیشینه,0,24.8,0.712,25.0,0.2,0.2,win,3.79,0.8358,0.5747
Jeddah,2026-09-15,بیشینه,1,42.02,1.04,40.0,2.02,-2.02,بدون سیگنال,,,
Houston,2026-09-15,بیشینه,0,93.77,2.173,94.5,0.73,0.73,win,0.02,1.0,0.5815
Los Angeles,2026-09-15,کمینه,0,66.91,2.5,68.5,1.59,1.59,بدون سیگنال,,,
Denver,2026-09-15,بیشینه,0,72.97,2.624,72.5,0.47,-0.47,win,0.01,1.0,0.5696
Singapore,2026-09-15,بیشینه,0,32.48,0.85,33.0,0.52,0.52,بدون سیگنال,,,
Shanghai,2026-09-15,بیشینه,0,27.75,0.632,28.0,0.25,0.25,win,7.4,0.4129,0.5001
Paris,2026-09-15,بیشینه,0,31.41,0.582,33.0,1.59,1.59,بدون سیگنال,,,
Austin,2026-09-15,بیشینه,0,103.0,1.471,102.5,0.5,-0.5,win,0.01,1.0,0.6123
Miami,2026-09-15,بیشینه,1,90.75,1.622,92.5,1.75,1.75,بدون سیگنال,,,
Miami,2026-09-15,کمینه,0,80.99,2.5,80.5,0.49,-0.49,win,1.11,1.0,0.5114
Seoul,2026-09-15,بیشینه,0,24.58,1.215,24.0,0.58,-0.58,بدون سیگنال,,,
Mexico City,2026-09-15,بیشینه,0,22.03,1.066,25.0,2.97,2.97,win,0.01,0.0957,0.5088
New York,2026-09-15,کمینه,0,58.48,2.893,60.5,2.02,2.02,win,0.26,0.8018,0.5287
Madrid,2026-09-15,بیشینه,1,35.51,0.899,36.0,0.49,0.49,بدون سیگنال,,,
Milan,2026-09-15,بیشینه,0,26.98,0.865,27.0,0.02,0.02,بدون سیگنال,,,
New York,2026-09-15,بیشینه,1,74.42,1.633,72.5,1.92,-1.92,بدون سیگنال,,,
Chicago,2026-09-15,کمینه,0,64.54,2.5,66.5,1.96,1.96,win,0.53,0.1943,0.4631
Dallas,2026-09-15,بیشینه,0,101.57,1.233,98.5,3.07,-3.07,بدون سیگنال,,,
Austin,2026-09-15,کمینه,0,78.6,2.5,78.5,0.1,-0.1,win,0.31,0.8651,0.373
Denver,2026-09-15,کمینه,0,53.56,2.5,54.5,0.94,0.94,win,0.53,0.0214,0.3404
Hong Kong,2026-09-15,بیشینه,0,31.01,1.128,31.0,0.01,-0.01,بدون سیگنال,,,
Tel Aviv,2026-09-15,بیشینه,0,34.17,0.692,34.0,0.17,-0.17,win,3.7,0.1951,0.4683
Los Angeles,2026-09-15,بیشینه,0,73.39,7.394,80.5,7.11,7.11,win,0.0,0.1084,0.513
Toronto,2026-09-15,بیشینه,1,22.83,1.223,23.0,0.17,0.17,win,13.53,0.0306,0.354
Chicago,2026-09-15,بیشینه,0,79.7,2.606,84.5,4.8,4.8,win,0.01,0.4864,0.513
Kuala Lumpur,2026-09-15,بیشینه,0,34.05,1.072,33.0,1.05,-1.05,بدون سیگنال,,,
Houston,2026-09-15,کمینه,0,81.41,2.5,78.5,2.91,-2.91,win,0.31,0.6224,0.4591
Munich,2026-09-14,بیشینه,1,21.34,1.131,22.0,0.66,0.66,loss,-10.0,0.3717,0.465
Dallas,2026-09-14,بیشینه,0,99.2,1.278,98.5,0.7,-0.7,win,0.01,1.0,0.6118
Milan,2026-09-14,بیشینه,0,28.5,0.868,29.0,0.5,0.5,بدون سیگنال,,,
New York,2026-09-14,بیشینه,1,75.49,2.163,76.5,1.01,1.01,loss,-10.0,0.1768,0.3916
Houston,2026-09-14,بیشینه,0,92.15,3.901,94.5,2.35,2.35,win,0.02,1.0,0.5386
Chicago,2026-09-14,بیشینه,0,71.32,1.919,70.5,0.82,-0.82,win,0.04,0.8793,0.5838
Atlanta,2026-09-14,بیشینه,1,94.94,2.179,92.5,2.44,-2.44,بدون سیگنال,,,
Los Angeles,2026-09-14,بیشینه,0,76.39,7.394,78.5,2.11,2.11,win,0.02,0.8483,0.5221
Paris,2026-09-14,بیشینه,0,27.94,0.573,29.0,1.06,1.06,بدون سیگنال,,,
Toronto,2026-09-14,بیشینه,1,20.7,0.773,19.0,1.7,-1.7,loss,-10.0,0.066,0.4353
Tokyo,2026-09-14,بیشینه,0,31.17,1.178,31.0,0.17,-0.17,win,2.12,0.3643,0.5245
Istanbul,2026-09-14,بیشینه,0,22.09,0.298,22.0,0.09,-0.09,win,1.76,1.0,0.7078
Austin,2026-09-14,بیشینه,0,97.74,3.069,100.5,2.76,2.76,win,0.02,1.0,0.5348
Seoul,2026-09-14,بیشینه,0,24.76,0.74,26.0,1.24,1.24,بدون سیگنال,,,
Madrid,2026-09-14,بیشینه,0,33.04,1.26,35.0,1.96,1.96,loss,-10.0,0.2861,0.4384
Singapore,2026-09-14,بیشینه,0,32.63,0.988,33.0,0.37,0.37,loss,-10.0,0.295,0.4871
Tel Aviv,2026-09-14,بیشینه,0,34.35,1.1,33.0,1.35,-1.35,win,2.58,0.7593,0.5366
Hong Kong,2026-09-14,بیشینه,1,30.31,1.062,28.0,2.31,-2.31,بدون سیگنال,,,
Miami,2026-09-14,بیشینه,1,89.16,1.622,88.5,0.66,-0.66,loss,-9.99,0.009,0.3915
Mexico City,2026-09-14,بیشینه,0,20.51,1.044,24.0,3.49,3.49,win,0.01,0.1795,0.5027
Kuala Lumpur,2026-09-14,بیشینه,0,33.34,1.018,33.0,0.34,-0.34,بدون سیگنال,,,
Jeddah,2026-09-14,بیشینه,0,40.5,1.314,37.0,3.5,-3.5,loss,-10.0,1.0,0.6153
Shanghai,2026-09-14,بیشینه,0,28.69,0.894,29.0,0.31,0.31,win,4.49,0.0666,0.5211
Ankara,2026-09-14,بیشینه,0,25.52,0.666,26.0,0.48,0.48,بدون سیگنال,,,
Tel Aviv,2026-09-13,بیشینه,0,32.54,1.227,32.0,0.54,-0.54,win,2.65,0.4463,0.5338
Austin,2026-09-13,بیشینه,0,99.52,1.97,100.5,0.98,0.98,win,0.02,0.7767,0.5834
Ankara,2026-09-13,بیشینه,0,32.05,0.603,33.0,0.95,0.95,بدون سیگنال,,,
Shanghai,2026-09-13,بیشینه,0,29.26,0.858,29.0,0.26,-0.26,win,6.53,0.2054,0.5163
Mexico City,2026-09-13,بیشینه,0,21.81,0.825,25.0,3.19,3.19,بدون سیگنال,,,
Miami,2026-09-13,بیشینه,1,89.8,1.622,90.5,0.7,0.7,بدون سیگنال,,,
Seoul,2026-09-13,بیشینه,0,23.35,0.74,24.0,0.65,0.65,بدون سیگنال,,,
Chicago,2026-09-13,بیشینه,0,71.66,1.128,74.5,2.84,2.84,بدون سیگنال,,,
Paris,2026-09-13,بیشینه,0,24.94,1.059,27.0,2.06,2.06,loss,-9.99,0.089,0.3692
Atlanta,2026-09-13,بیشینه,1,91.05,1.7,90.5,0.55,-0.55,win,4.71,0.2916,0.442
Madrid,2026-09-13,بیشینه,0,31.6,0.951,33.0,1.4,1.4,win,2.65,0.4925,0.6039
Munich,2026-09-13,بیشینه,0,22.73,0.828,23.0,0.27,0.27,بدون سیگنال,,,
Singapore,2026-09-13,بیشینه,0,31.86,0.988,33.0,1.14,1.14,بدون سیگنال,,,
Houston,2026-09-13,بیشینه,0,94.52,0.802,92.5,2.02,-2.02,بدون سیگنال,,,
Los Angeles,2026-09-13,بیشینه,1,76.18,7.394,78.5,2.32,2.32,بدون سیگنال,,,
Hong Kong,2026-09-13,بیشینه,0,29.82,0.81,31.0,1.18,1.18,بدون سیگنال,,,
New York,2026-09-13,بیشینه,1,81.35,1.7,80.5,0.85,-0.85,بدون سیگنال,,,
Istanbul,2026-09-13,بیشینه,0,22.3,0.366,22.0,0.3,-0.3,win,4.18,1.0,0.6914
Toronto,2026-09-13,بیشینه,1,26.2,0.66,28.0,1.8,1.8,loss,-9.99,0.1644,0.4375
Milan,2026-09-13,بیشینه,0,25.83,0.847,26.0,0.17,0.17,win,5.5,0.2104,0.4572
Dallas,2026-09-13,بیشینه,0,100.83,1.585,98.5,2.33,-2.33,win,0.01,0.0282,0.5476
Kuala Lumpur,2026-09-13,بیشینه,0,32.53,1.141,33.0,0.47,0.47,بدون سیگنال,,,
Jeddah,2026-09-13,بیشینه,0,37.07,1.377,37.0,0.07,-0.07,win,9.42,0.0273,0.3904
Tokyo,2026-09-13,بیشینه,0,25.95,1.178,25.0,0.95,-0.95,بدون سیگنال,,,
Munich,2026-09-12,بیشینه,0,21.59,0.514,23.0,1.41,1.41,بدون سیگنال,,,
Paris,2026-09-12,بیشینه,0,24.69,0.657,26.0,1.31,1.31,loss,-10.0,0.1062,0.4555
New York,2026-09-12,بیشینه,1,77.43,1.633,78.5,1.07,1.07,win,6.0,0.4321,0.441
Austin,2026-09-12,بیشینه,0,98.21,3.421,100.5,2.29,2.29,win,0.02,1.0,0.5428
Jeddah,2026-09-12,بیشینه,0,36.75,1.794,37.0,0.25,0.25,بدون سیگنال,,,
Singapore,2026-09-12,بیشینه,0,31.11,0.988,32.0,0.89,0.89,بدون سیگنال,,,
Hong Kong,2026-09-12,بیشینه,0,31.31,0.683,33.0,1.69,1.69,بدون سیگنال,,,
Tokyo,2026-09-12,بیشینه,0,23.0,1.216,23.0,0.0,0.0,بدون سیگنال,,,
Mexico City,2026-09-12,بیشینه,0,22.16,0.87,26.0,3.84,3.84,بدون سیگنال,,,
Miami,2026-09-12,بیشینه,1,89.41,2.255,92.5,3.09,3.09,loss,-10.0,0.0625,0.3045
Atlanta,2026-09-12,بیشینه,2,83.79,2.566,84.5,0.71,0.71,بدون سیگنال,,,
Ankara,2026-09-12,بیشینه,0,31.23,0.717,32.0,0.77,0.77,بدون سیگنال,,,
Kuala Lumpur,2026-09-12,بیشینه,0,30.66,1.207,32.0,1.34,1.34,بدون سیگنال,,,
Chicago,2026-09-12,بیشینه,0,84.72,1.428,86.5,1.78,1.78,win,0.02,0.0156,0.5699
Shanghai,2026-09-12,بیشینه,0,27.98,0.701,28.0,0.02,0.02,win,4.08,0.0959,0.5562
Milan,2026-09-12,بیشینه,0,25.16,1.045,26.0,0.84,0.84,بدون سیگنال,,,
Dallas,2026-09-12,بیشینه,0,100.62,2.501,100.5,0.12,-0.12,win,0.02,1.0,0.5731
Istanbul,2026-09-12,بیشینه,0,25.84,0.477,25.0,0.84,-0.84,loss,-10.0,1.0,0.8305
Tel Aviv,2026-09-12,بیشینه,0,30.46,1.227,32.0,1.54,1.54,بدون سیگنال,,,
Los Angeles,2026-09-12,بیشینه,1,78.4,7.394,80.5,2.1,2.1,بدون سیگنال,,,
Toronto,2026-09-12,بیشینه,1,26.59,0.654,25.0,1.59,-1.59,بدون سیگنال,,,
Houston,2026-09-12,بیشینه,1,93.56,2.787,96.5,2.94,2.94,بدون سیگنال,,,
Seoul,2026-09-12,بیشینه,0,22.7,0.74,23.0,0.3,0.3,بدون سیگنال,,,
Madrid,2026-09-12,بیشینه,1,31.02,0.852,33.0,1.98,1.98,loss,-10.0,0.3196,0.5416
Kuala Lumpur,2026-09-11,بیشینه,0,30.02,0.915,29.0,1.02,-1.02,بدون سیگنال,,,
Istanbul,2026-09-11,بیشینه,1,25.54,0.443,25.0,0.54,-0.54,win,5.15,0.4355,0.5268
Mexico City,2026-09-11,بیشینه,0,21.47,0.825,25.0,3.53,3.53,بدون سیگنال,,,
Houston,2026-09-11,بیشینه,0,89.89,3.522,94.5,4.61,4.61,win,0.02,1.0,0.5197
Tokyo,2026-09-11,بیشینه,0,20.38,1.178,21.0,0.62,0.62,بدون سیگنال,,,
Seoul,2026-09-11,بیشینه,0,23.14,0.74,25.0,1.86,1.86,بدون سیگنال,,,
Ankara,2026-09-11,بیشینه,0,30.48,0.599,31.0,0.52,0.52,بدون سیگنال,,,
Chicago,2026-09-11,بیشینه,0,79.55,1.94,82.5,2.95,2.95,win,0.02,0.3196,0.5287
Madrid,2026-09-11,بیشینه,0,29.6,0.681,32.0,2.4,2.4,بدون سیگنال,,,
Hong Kong,2026-09-11,بیشینه,0,31.07,0.573,32.0,0.93,0.93,loss,-10.0,0.4936,0.5045
Tel Aviv,2026-09-11,بیشینه,0,31.78,1.227,31.0,0.78,-0.78,loss,-10.01,0.4189,0.5357
Los Angeles,2026-09-11,بیشینه,0,80.95,7.394,84.5,3.55,3.55,win,0.01,0.7285,0.5199
Toronto,2026-09-11,بیشینه,1,24.97,0.744,23.0,1.97,-1.97,بدون سیگنال,,,
Paris,2026-09-11,بیشینه,0,23.89,0.698,25.0,1.11,1.11,بدون سیگنال,,,
New York,2026-09-11,بیشینه,1,83.3,1.799,80.5,2.8,-2.8,بدون سیگنال,,,
Atlanta,2026-09-11,بیشینه,2,90.28,2.78,88.5,1.78,-1.78,بدون سیگنال,,,
Miami,2026-09-11,بیشینه,1,88.23,2.054,88.5,0.27,0.27,بدون سیگنال,,,
Dallas,2026-09-11,بیشینه,0,96.79,3.793,98.5,1.71,1.71,win,0.02,1.0,0.543
Singapore,2026-09-11,بیشینه,0,30.39,0.988,32.0,1.61,1.61,بدون سیگنال,,,
Jeddah,2026-09-11,بیشینه,0,35.05,1.377,37.0,1.95,1.95,بدون سیگنال,,,
Munich,2026-09-11,بیشینه,0,19.22,0.531,20.0,0.78,0.78,بدون سیگنال,,,
Austin,2026-09-11,بیشینه,0,99.66,2.694,102.5,2.84,2.84,win,0.02,0.8064,0.5346
Shanghai,2026-09-11,بیشینه,0,26.21,0.701,27.0,0.79,0.79,بدون سیگنال,,,
Milan,2026-09-11,بیشینه,0,25.07,0.709,25.0,0.07,-0.07,win,4.81,0.2554,0.5013
Ankara,2026-09-10,بیشینه,0,29.73,0.709,30.0,0.27,0.27,win,4.81,0.5581,0.59
Kuala Lumpur,2026-09-10,بیشینه,0,31.84,0.985,33.0,1.16,1.16,بدون سیگنال,,,
Atlanta,2026-09-10,بیشینه,1,92.17,1.692,90.5,1.67,-1.67,بدون سیگنال,,,
Mexico City,2026-09-10,بیشینه,0,23.23,2.046,25.0,1.77,1.77,win,0.02,1.0,0.5645
Toronto,2026-09-10,بیشینه,1,24.52,0.798,25.0,0.48,0.48,loss,-10.0,0.0239,0.4211
Munich,2026-09-10,بیشینه,0,18.38,0.543,18.0,0.38,-0.38,بدون سیگنال,,,
Dallas,2026-09-10,بیشینه,0,99.66,2.113,98.5,1.16,-1.16,win,0.01,0.7298,0.5722
Hong Kong,2026-09-10,بیشینه,0,30.09,0.573,31.0,0.91,0.91,بدون سیگنال,,,
Istanbul,2026-09-10,بیشینه,0,25.48,0.55,25.0,0.48,-0.48,win,1.43,1.0,0.6004
Seoul,2026-09-10,بیشینه,0,21.48,0.74,22.0,0.52,0.52,بدون سیگنال,,,
New York,2026-09-10,بیشینه,1,89.9,1.633,86.5,3.4,-3.4,بدون سیگنال,,,
Milan,2026-09-10,بیشینه,0,21.76,1.282,22.0,0.24,0.24,بدون سیگنال,,,
Madrid,2026-09-10,بیشینه,0,26.25,1.049,28.0,1.75,1.75,بدون سیگنال,,,
Tel Aviv,2026-09-10,بیشینه,0,32.71,1.227,33.0,0.29,0.29,loss,-9.99,0.3711,0.4711
Paris,2026-09-10,بیشینه,1,20.42,0.952,21.0,0.58,0.58,loss,-10.0,0.0703,0.4116
Los Angeles,2026-09-10,بیشینه,0,85.63,7.394,90.5,4.87,4.87,win,0.0,0.3653,0.519
Houston,2026-09-10,بیشینه,0,89.88,3.074,88.5,1.38,-1.38,win,0.01,1.0,0.5511
Chicago,2026-09-10,بیشینه,0,76.53,1.656,76.5,0.03,-0.03,win,0.01,1.0,0.6108
Miami,2026-09-10,بیشینه,1,87.91,2.008,90.5,2.59,2.59,loss,-10.0,0.0673,0.3164
Austin,2026-09-10,بیشینه,0,97.19,2.328,100.5,3.31,3.31,win,0.02,0.442,0.5256
Jeddah,2026-09-10,بیشینه,0,38.13,1.377,37.0,1.13,-1.13,بدون سیگنال,,,
Shanghai,2026-09-10,بیشینه,0,28.43,0.701,30.0,1.57,1.57,بدون سیگنال,,,
Tokyo,2026-09-10,بیشینه,0,21.04,1.178,22.0,0.96,0.96,بدون سیگنال,,,
Singapore,2026-09-10,بیشینه,0,31.88,0.988,32.0,0.12,0.12,بدون سیگنال,,,
Seoul,2026-09-09,بیشینه,1,23.93,0.74,26.0,2.07,2.07,بدون سیگنال,,,
Jeddah,2026-09-09,بیشینه,0,37.54,1.377,38.0,0.46,0.46,بدون سیگنال,,,
Dallas,2026-09-09,بیشینه,1,100.39,1.586,100.5,0.11,0.11,بدون سیگنال,,,
Toronto,2026-09-09,بیشینه,1,26.32,1.507,24.0,2.32,-2.32,بدون سیگنال,,,
Hong Kong,2026-09-09,بیشینه,0,29.97,0.573,32.0,2.03,2.03,بدون سیگنال,,,
Miami,2026-09-09,بیشینه,1,87.83,1.662,90.5,2.67,2.67,بدون سیگنال,,,
Madrid,2026-09-09,بیشینه,0,26.09,0.812,27.0,0.91,0.91,win,5.74,0.2516,0.4836
Houston,2026-09-09,بیشینه,0,89.28,3.539,90.5,1.22,1.22,win,0.02,1.0,0.5485
Shanghai,2026-09-09,بیشینه,0,28.07,0.924,28.0,0.07,-0.07,بدون سیگنال,,,
Singapore,2026-09-09,بیشینه,0,32.26,0.988,33.0,0.74,0.74,بدون سیگنال,,,
Kuala Lumpur,2026-09-09,بیشینه,0,32.15,0.768,33.0,0.85,0.85,loss,-10.0,0.4457,0.4687
Tokyo,2026-09-09,بیشینه,0,30.93,1.418,31.0,0.07,0.07,win,5.75,0.1295,0.4432
New York,2026-09-09,بیشینه,1,83.15,1.977,82.5,0.65,-0.65,بدون سیگنال,,,
Los Angeles,2026-09-09,بیشینه,1,89.86,7.394,96.0,6.14,6.14,بدون سیگنال,,,
Ankara,2026-09-09,بیشینه,0,26.47,0.599,27.0,0.53,0.53,win,4.08,0.3498,0.5842
Mexico City,2026-09-09,بیشینه,0,21.73,1.887,24.0,2.27,2.27,win,0.02,1.0,0.5472
Milan,2026-09-09,بیشینه,0,22.87,0.946,24.0,1.13,1.13,بدون سیگنال,,,
Tel Aviv,2026-09-09,بیشینه,0,34.0,1.227,34.0,0.0,0.0,loss,-9.99,0.1121,0.5205
Munich,2026-09-09,بیشینه,0,20.82,0.442,22.0,1.18,1.18,win,0.58,0.0185,0.5241
Atlanta,2026-09-09,بیشینه,1,90.77,1.181,88.5,2.27,-2.27,loss,-10.0,0.1911,0.3472
Chicago,2026-09-09,بیشینه,0,78.98,1.857,78.5,0.48,-0.48,win,0.02,1.0,0.5917
Paris,2026-09-09,بیشینه,0,20.35,0.5,22.0,1.65,1.65,loss,-10.0,0.6262,0.5359
Istanbul,2026-09-09,بیشینه,0,24.87,0.47,25.0,0.13,0.13,win,1.98,0.7468,0.5684
Austin,2026-09-09,بیشینه,0,97.3,2.336,98.5,1.2,1.2,win,0.02,0.8196,0.5638
Tel Aviv,2026-09-08,بیشینه,0,34.31,1.227,34.0,0.31,-0.31,win,0.1,1.0,0.638
Jeddah,2026-09-08,بیشینه,0,37.44,1.591,38.0,0.56,0.56,win,1.98,0.585,0.5238
Chicago,2026-09-08,بیشینه,0,83.74,2.434,84.5,0.76,0.76,win,0.02,1.0,0.6071
Kuala Lumpur,2026-09-08,بیشینه,0,32.41,0.354,33.0,0.59,0.59,win,0.02,0.526,0.6696
Houston,2026-09-08,بیشینه,0,95.61,0.933,92.5,3.11,-3.11,بدون سیگنال,,,
Toronto,2026-09-08,بیشینه,0,25.31,0.622,25.0,0.31,-0.31,بدون سیگنال,,,
Atlanta,2026-09-08,بیشینه,0,89.06,1.549,88.5,0.56,-0.56,win,5.28,0.2408,0.439
New York,2026-09-08,بیشینه,0,82.5,1.826,80.5,2.0,-2.0,loss,-10.0,0.3095,0.3953
Milan,2026-09-08,بیشینه,0,30.15,1.796,32.0,1.85,1.85,بدون سیگنال,,,
Madrid,2026-09-08,بیشینه,0,35.17,0.305,36.0,0.83,0.83,بدون سیگنال,,,
Miami,2026-09-08,بیشینه,0,89.21,1.789,90.5,1.29,1.29,بدون سیگنال,,,
Tokyo,2026-09-08,بیشینه,0,28.92,1.178,29.0,0.08,0.08,win,0.01,1.0,0.6157
Mexico City,2026-09-08,بیشینه,0,20.58,0.825,25.0,4.42,4.42,بدون سیگنال,,,
Austin,2026-09-08,بیشینه,0,99.84,1.437,100.5,0.66,0.66,win,0.01,1.0,0.6191
Los Angeles,2026-09-08,بیشینه,0,80.08,7.394,90.5,10.42,10.42,win,0.05,0.1806,0.5118
Paris,2026-09-08,بیشینه,0,25.2,0.915,27.0,1.8,1.8,بدون سیگنال,,,
Seoul,2026-09-08,بیشینه,0,26.36,0.74,27.0,0.64,0.64,win,0.01,0.8296,0.7185
Singapore,2026-09-08,بیشینه,0,32.96,0.988,33.0,0.04,0.04,win,0.02,0.8065,0.6731
Shanghai,2026-09-08,بیشینه,0,29.8,0.701,30.0,0.2,0.2,win,0.02,0.0501,0.5716
Istanbul,2026-09-08,بیشینه,0,24.05,0.535,24.0,0.05,-0.05,win,3.42,0.5099,0.5436
Dallas,2026-09-08,بیشینه,0,100.7,1.766,100.5,0.2,-0.2,win,0.01,1.0,0.6024
Munich,2026-09-08,بیشینه,0,30.35,1.26,32.0,1.65,1.65,بدون سیگنال,,,
Hong Kong,2026-09-08,بیشینه,0,31.8,0.58,32.0,0.2,0.2,win,0.04,1.0,0.7297
Ankara,2026-09-08,بیشینه,0,22.74,0.601,23.0,0.26,0.26,بدون سیگنال,,,
New York,2026-09-07,بیشینه,1,80.76,1.633,78.5,2.26,-2.26,بدون سیگنال,,,
Munich,2026-09-07,بیشینه,1,25.54,0.895,28.0,2.46,2.46,بدون سیگنال,,,
Chicago,2026-09-07,بیشینه,1,80.31,1.168,80.5,0.19,0.19,loss,-10.01,0.1961,0.3813
Austin,2026-09-07,بیشینه,1,97.04,1.523,100.5,3.46,3.46,بدون سیگنال,,,
Madrid,2026-09-07,بیشینه,1,36.75,0.758,38.0,1.25,1.25,loss,-10.0,0.0985,0.5215
Shanghai,2026-09-07,بیشینه,0,29.3,0.761,30.0,0.7,0.7,win,4.6,0.0236,0.4747
Hong Kong,2026-09-07,بیشینه,0,31.36,0.594,30.0,1.36,-1.36,بدون سیگنال,,,
Jeddah,2026-09-07,بیشینه,1,37.12,1.377,36.0,1.12,-1.12,بدون سیگنال,,,
Los Angeles,2026-09-07,بیشینه,0,77.37,7.394,84.5,7.13,7.13,win,0.0,0.1098,0.513
Milan,2026-09-07,بیشینه,1,30.88,1.234,31.0,0.12,0.12,بدون سیگنال,,,
Singapore,2026-09-07,بیشینه,0,32.48,0.988,33.0,0.52,0.52,win,2.99,0.1984,0.5663
Ankara,2026-09-07,بیشینه,1,24.05,1.244,24.0,0.05,-0.05,بدون سیگنال,,,
Istanbul,2026-09-07,بیشینه,1,25.6,0.688,26.0,0.4,0.4,loss,-9.99,0.4387,0.5783
Dallas,2026-09-07,بیشینه,1,100.39,1.957,100.5,0.11,0.11,win,4.6,0.5051,0.4453
Tel Aviv,2026-09-07,بیشینه,1,32.53,1.227,32.0,0.53,-0.53,بدون سیگنال,,,
Mexico City,2026-09-07,بیشینه,1,19.45,1.666,22.0,2.55,2.55,بدون سیگنال,,,
Kuala Lumpur,2026-09-07,بیشینه,0,33.57,0.924,34.0,0.43,0.43,بدون سیگنال,,,
Tokyo,2026-09-07,بیشینه,0,23.96,1.178,24.0,0.04,0.04,بدون سیگنال,,,
Miami,2026-09-07,بیشینه,1,89.6,2.404,90.5,0.9,0.9,win,8.18,0.0007,0.3445
Seoul,2026-09-07,بیشینه,0,26.49,0.74,28.0,1.51,1.51,بدون سیگنال,,,
Toronto,2026-09-07,بیشینه,1,25.68,1.042,25.0,0.68,-0.68,بدون سیگنال,,,
Atlanta,2026-09-07,بیشینه,1,84.59,1.717,82.5,2.09,-2.09,بدون سیگنال,,,
Paris,2026-09-07,بیشینه,1,28.3,0.78,29.0,0.7,0.7,loss,-10.0,0.0631,0.3882
Houston,2026-09-07,بیشینه,1,98.05,0.802,94.5,3.55,-3.55,بدون سیگنال,,,
Singapore,2026-09-06,بیشینه,1,32.31,1.117,33.0,0.69,0.69,win,4.39,0.078,0.486
Houston,2026-09-06,بیشینه,1,92.78,2.676,,,,بدون سیگنال,,,
Munich,2026-09-06,بیشینه,0,23.03,0.876,24.0,0.97,0.97,بدون سیگنال,,,
Dallas,2026-09-06,بیشینه,1,99.46,1.957,,,,بدون سیگنال,,,
Chicago,2026-09-06,بیشینه,1,77.79,2.259,,,,بدون سیگنال,,,
Istanbul,2026-09-06,بیشینه,0,28.6,2.198,29.0,0.4,0.4,بدون سیگنال,,,
Ankara,2026-09-06,بیشینه,0,31.77,0.807,32.0,0.23,0.23,win,3.33,0.5974,0.5817
Shanghai,2026-09-06,بیشینه,0,29.06,0.701,30.0,0.94,0.94,بدون سیگنال,,,
Los Angeles,2026-09-06,بیشینه,,,,,,,بدون سیگنال,,,
Paris,2026-09-06,بیشینه,0,28.39,0.938,28.0,0.39,-0.39,بدون سیگنال,,,
New York,2026-09-06,بیشینه,0,75.49,1.662,,,,بدون سیگنال,,,
Atlanta,2026-09-06,بیشینه,0,98.96,1.482,,,,بدون سیگنال,,,
Mexico City,2026-09-06,بیشینه,1,20.42,1.043,,,,بدون سیگنال,,,
Tokyo,2026-09-06,بیشینه,0,22.25,1.178,23.0,0.75,0.75,win,2.12,0.526,0.5554
Kuala Lumpur,2026-09-06,بیشینه,0,33.43,1.132,33.0,0.43,-0.43,بدون سیگنال,,,
Toronto,2026-09-06,بیشینه,0,23.36,1.174,22.0,1.36,-1.36,loss,-10.0,0.1802,0.4211
Milan,2026-09-06,بیشینه,0,30.92,0.991,32.0,1.08,1.08,loss,-10.0,0.0869,0.454
Austin,2026-09-06,بیشینه,1,96.02,2.035,,,,بدون سیگنال,,,
Tel Aviv,2026-09-06,بیشینه,0,31.24,1.227,32.0,0.76,0.76,بدون سیگنال,,,
Miami,2026-09-06,بیشینه,0,88.71,1.9,90.5,1.79,1.79,بدون سیگنال,,,
Seoul,2026-09-06,بیشینه,0,26.84,0.74,29.0,2.16,2.16,بدون سیگنال,,,
Jeddah,2026-09-06,بیشینه,1,36.94,1.512,38.0,1.06,1.06,بدون سیگنال,,,
Hong Kong,2026-09-06,بیشینه,0,30.56,0.935,30.0,0.56,-0.56,بدون سیگنال,,,
Madrid,2026-09-06,بیشینه,0,36.35,0.29,37.0,0.65,0.65,بدون سیگنال,,,
Houston,2026-09-05,بیشینه,1,90.84,4.479,90.5,0.34,-0.34,بدون سیگنال,,,
Miami,2026-09-05,بیشینه,1,89.42,2.052,90.5,1.08,1.08,بدون سیگنال,,,
New York,2026-09-05,بیشینه,1,80.51,2.105,78.5,2.01,-2.01,loss,-10.0,0.309,0.3716
Istanbul,2026-09-05,بیشینه,0,25.37,0.298,26.0,0.63,0.63,loss,-30.0,0.0492,0.2837
Atlanta,2026-09-05,بیشینه,1,99.47,2.318,96.5,2.97,-2.97,loss,-10.0,0.0512,0.2755
Tokyo,2026-09-05,بیشینه,1,25.28,1.474,25.0,0.28,-0.28,بدون سیگنال,,,
Madrid,2026-09-05,بیشینه,0,35.99,1.153,36.0,0.01,0.01,بدون سیگنال,,,
Jeddah,2026-09-05,بیشینه,0,37.72,1.377,37.0,0.72,-0.72,بدون سیگنال,,,
Dallas,2026-09-05,بیشینه,1,97.38,2.331,98.5,1.12,1.12,بدون سیگنال,,,
Hong Kong,2026-09-05,بیشینه,0,29.99,0.813,32.0,2.01,2.01,بدون سیگنال,,,
Munich,2026-09-05,بیشینه,0,23.54,0.946,24.0,0.46,0.46,win,6.0,0.1204,0.4709
Toronto,2026-09-05,بیشینه,1,24.61,0.865,24.0,0.61,-0.61,بدون سیگنال,,,
Austin,2026-09-05,بیشینه,2,95.15,3.656,100.5,5.35,5.35,بدون سیگنال,,,
Milan,2026-09-05,بیشینه,0,31.91,0.59,32.0,0.09,0.09,بدون سیگنال,,,
Tel Aviv,2026-09-05,بیشینه,0,31.71,1.227,32.0,0.29,0.29,win,1.43,0.667,0.5749
Seoul,2026-09-05,بیشینه,0,26.95,0.74,29.0,2.05,2.05,بدون سیگنال,,,
Singapore,2026-09-05,بیشینه,0,32.29,0.988,33.0,0.71,0.71,win,2.74,0.172,0.516
Los Angeles,2026-09-05,بیشینه,1,82.59,9.353,80.5,2.09,-2.09,loss,-26.3,0.275,0.1942
Kuala Lumpur,2026-09-05,بیشینه,0,32.47,0.601,32.0,0.47,-0.47,بدون سیگنال,,,
Chicago,2026-09-05,بیشینه,1,81.96,2.192,80.5,1.46,-1.46,بدون سیگنال,,,
Shanghai,2026-09-05,بیشینه,0,29.98,0.701,30.0,0.02,0.02,win,6.53,0.3782,0.5378
Paris,2026-09-05,بیشینه,0,23.66,1.087,25.0,1.34,1.34,بدون سیگنال,,,
Ankara,2026-09-05,بیشینه,0,28.4,0.599,29.0,0.6,0.6,بدون سیگنال,,,
Mexico City,2026-09-05,بیشینه,1,24.06,1.803,26.0,1.94,1.94,بدون سیگنال,,,
Milan,2026-09-04,بیشینه,0,31.66,1.173,33.0,1.34,1.34,loss,-10.0,0.1794,0.412
Miami,2026-09-04,بیشینه,1,88.1,2.052,90.5,2.4,2.4,بدون سیگنال,,,
Munich,2026-09-04,بیشینه,0,28.48,0.601,30.0,1.52,1.52,بدون سیگنال,,,
Los Angeles,2026-09-04,بیشینه,1,73.3,9.353,76.5,3.2,3.2,بدون سیگنال,,,
Austin,2026-09-04,بیشینه,1,93.18,4.935,94.5,1.32,1.32,بدون سیگنال,,,
Hong Kong,2026-09-04,بیشینه,0,29.94,1.17,31.0,1.06,1.06,بدون سیگنال,,,
Ankara,2026-09-04,بیشینه,1,27.25,0.72,29.0,1.75,1.75,بدون سیگنال,,,
Atlanta,2026-09-04,بیشینه,1,96.73,1.864,94.5,2.23,-2.23,بدون سیگنال,,,
Tel Aviv,2026-09-04,بیشینه,0,31.7,1.227,32.0,0.3,0.3,win,3.15,0.336,0.511
Paris,2026-09-04,بیشینه,1,28.05,1.274,28.0,0.05,-0.05,بدون سیگنال,,,
Houston,2026-09-04,بیشینه,1,87.91,1.591,90.5,2.59,2.59,loss,-10.0,0.0059,0.2055
Shanghai,2026-09-04,بیشینه,0,30.75,0.701,31.0,0.25,0.25,win,7.87,0.0227,0.4774
Chicago,2026-09-04,بیشینه,1,93.02,2.376,92.5,0.52,-0.52,بدون سیگنال,,,
New York,2026-09-04,بیشینه,1,85.94,3.16,84.5,1.44,-1.44,بدون سیگنال,,,
Singapore,2026-09-04,بیشینه,0,31.9,0.988,33.0,1.1,1.1,بدون سیگنال,,,
Madrid,2026-09-04,بیشینه,0,38.15,0.903,38.0,0.15,-0.15,loss,-9.99,0.0262,0.5069
Tokyo,2026-09-04,بیشینه,0,26.05,2.087,27.0,0.95,0.95,win,2.91,0.937,0.4697
Seoul,2026-09-04,بیشینه,0,27.89,0.74,30.0,2.11,2.11,بدون سیگنال,,,
Jeddah,2026-09-04,بیشینه,0,37.14,1.377,37.0,0.14,-0.14,بدون سیگنال,,,
Istanbul,2026-09-04,بیشینه,0,25.46,0.884,26.0,0.54,0.54,win,4.81,0.088,0.4724
Toronto,2026-09-04,بیشینه,1,25.62,1.143,25.0,0.62,-0.62,بدون سیگنال,,,
Mexico City,2026-09-04,بیشینه,1,24.44,1.281,26.0,1.56,1.56,بدون سیگنال,,,
Kuala Lumpur,2026-09-04,بیشینه,0,32.45,0.954,34.0,1.55,1.55,بدون سیگنال,,,
Dallas,2026-09-04,بیشینه,1,94.89,3.065,98.5,3.61,3.61,loss,-10.0,0.1682,0.3002
Istanbul,2026-09-03,بیشینه,0,25.66,0.799,25.0,0.66,-0.66,loss,-9.99,0.3682,0.5326
Los Angeles,2026-09-03,بیشینه,1,72.82,9.353,,,,بدون سیگنال,,,
Madrid,2026-09-03,بیشینه,0,36.89,1.178,38.0,1.11,1.11,win,3.6,0.1141,0.4545
Tokyo,2026-09-03,بیشینه,0,31.39,1.552,31.0,0.39,-0.39,win,8.7,0.0483,0.3899
Toronto,2026-09-03,بیشینه,1,28.45,0.98,,,,بدون سیگنال,,,
New York,2026-09-03,بیشینه,1,86.92,2.809,,,,بدون سیگنال,,,
Houston,2026-09-03,بیشینه,1,89.27,3.722,,,,بدون سیگنال,,,
Tel Aviv,2026-09-03,بیشینه,0,32.54,1.227,32.0,0.54,-0.54,win,0.01,0.938,0.627
Ankara,2026-09-03,بیشینه,0,29.71,0.599,30.0,0.29,0.29,win,7.24,0.5263,0.5271
Jeddah,2026-09-03,بیشینه,0,37.67,1.377,37.0,0.67,-0.67,بدون سیگنال,,,
Milan,2026-09-03,بیشینه,0,30.3,1.215,31.0,0.7,0.7,win,5.74,0.1198,0.4302
Shanghai,2026-09-03,بیشینه,0,29.86,0.701,31.0,1.14,1.14,بدون سیگنال,,,
Chicago,2026-09-03,بیشینه,1,89.26,2.105,,,,بدون سیگنال,,,
Kuala Lumpur,2026-09-03,بیشینه,0,31.84,0.599,33.0,1.16,1.16,بدون سیگنال,,,
Paris,2026-09-03,بیشینه,0,25.63,0.918,27.0,1.37,1.37,win,0.1,0.0115,0.5504
Mexico City,2026-09-03,بیشینه,1,22.68,1.043,,,,بدون سیگنال,,,
Austin,2026-09-03,بیشینه,1,100.42,2.735,,,,بدون سیگنال,,,
Dallas,2026-09-03,بیشینه,1,90.24,4.132,,,,بدون سیگنال,,,
Atlanta,2026-09-03,بیشینه,0,95.93,1.755,,,,بدون سیگنال,,,
Munich,2026-09-03,بیشینه,0,24.41,0.765,25.0,0.59,0.59,بدون سیگنال,,,
Miami,2026-09-03,بیشینه,1,89.77,2.052,92.5,2.73,2.73,loss,-10.0,0.112,0.3367
Singapore,2026-09-03,بیشینه,0,32.58,1.006,33.0,0.42,0.42,win,2.9,0.3809,0.5536
Seoul,2026-09-03,بیشینه,0,28.41,0.74,31.0,2.59,2.59,بدون سیگنال,,,
Hong Kong,2026-09-03,بیشینه,0,29.77,1.022,30.0,0.23,0.23,بدون سیگنال,,,
Austin,2026-09-02,بیشینه,0,100.5,1.334,100.5,0.0,0.0,win,0.02,1.0,0.6357
Munich,2026-09-02,بیشینه,0,23.87,0.691,25.0,1.13,1.13,بدون سیگنال,,,
Toronto,2026-09-02,بیشینه,0,29.29,1.312,28.0,1.29,-1.29,win,0.01,0.7264,0.5714
Tel Aviv,2026-09-02,بیشینه,0,33.52,1.227,33.0,0.52,-0.52,win,0.01,0.9569,0.627
Milan,2026-09-02,بیشینه,0,28.85,1.115,30.0,1.15,1.15,win,0.02,0.5017,0.5834
Dallas,2026-09-02,بیشینه,0,98.62,2.03,100.5,1.88,1.88,win,0.02,0.4039,0.5859
Jeddah,2026-09-02,بیشینه,0,38.41,1.377,37.0,1.41,-1.41,win,0.01,0.8101,0.5852
Paris,2026-09-02,بیشینه,0,23.38,0.823,26.0,2.62,2.62,بدون سیگنال,,,
Atlanta,2026-09-02,بیشینه,0,96.27,2.79,94.5,1.77,-1.77,win,0.01,0.9039,0.5499
Madrid,2026-09-02,بیشینه,0,34.8,0.893,36.0,1.2,1.2,win,0.02,0.2199,0.589
Houston,2026-09-02,بیشینه,0,92.0,4.624,94.5,2.5,2.5,win,0.02,0.7732,0.5498
Chicago,2026-09-02,بیشینه,0,92.98,1.752,94.5,1.52,1.52,win,0.02,0.3452,0.5614
Ankara,2026-09-02,بیشینه,0,29.98,0.599,31.0,1.02,1.02,بدون سیگنال,,,
New York,2026-09-02,بیشینه,0,74.41,1.633,74.5,0.09,0.09,win,0.05,1.0,0.6098
Istanbul,2026-09-02,بیشینه,0,26.6,0.551,26.0,0.6,-0.6,win,0.01,0.2571,0.7288
Los Angeles,2026-09-02,بیشینه,0,68.39,7.394,76.5,8.11,8.11,بدون سیگنال,,,
Mexico City,2026-09-02,بیشینه,0,22.62,1.091,26.0,3.38,3.38,win,0.01,0.1927,0.5065
Miami,2026-09-02,بیشینه,0,90.03,1.622,90.5,0.47,0.47,win,0.04,1.0,0.6099
Singapore,2026-09-01,بیشینه,1,31.64,1.25,32.0,0.36,0.36,بدون سیگنال,,,
Houston,2026-09-01,بیشینه,2,89.75,3.6,86.5,3.25,-3.25,بدون سیگنال,,,
Miami,2026-09-01,بیشینه,2,89.3,2.406,88.5,0.8,-0.8,loss,-10.0,0.051,0.3244
Milan,2026-09-01,بیشینه,,,,,,,بدون سیگنال,,,
Kuala Lumpur,2026-09-01,بیشینه,1,31.86,0.973,33.0,1.14,1.14,بدون سیگنال,,,
Munich,2026-09-01,بیشینه,2,22.96,0.852,24.0,1.04,1.04,بدون سیگنال,,,
New York,2026-09-01,بیشینه,2,86.38,5.755,,,,بدون سیگنال,,,
Hong Kong,2026-09-01,بیشینه,1,30.13,1.216,,,,بدون سیگنال,,,
Mexico City,2026-09-01,بیشینه,2,22.01,1.417,23.0,0.99,0.99,بدون سیگنال,,,
Atlanta,2026-09-01,بیشینه,2,96.51,2.024,92.5,4.01,-4.01,بدون سیگنال,,,
Paris,2026-09-01,بیشینه,2,22.15,1.578,25.0,2.85,2.85,بدون سیگنال,,,
Seoul,2026-09-01,بیشینه,1,25.37,0.963,25.0,0.37,-0.37,بدون سیگنال,,,
Madrid,2026-09-01,بیشینه,2,33.86,0.819,34.0,0.14,0.14,بدون سیگنال,,,
Toronto,2026-09-01,بیشینه,,,,,,,بدون سیگنال,,,
Jeddah,2026-09-01,بیشینه,,,,,,,بدون سیگنال,,,
Shanghai,2026-09-01,بیشینه,1,29.71,0.886,30.0,0.29,0.29,win,9.43,0.277,0.4662
Chicago,2026-09-01,بیشینه,2,90.96,2.471,94.5,3.54,3.54,بدون سیگنال,,,
Tel Aviv,2026-09-01,بیشینه,2,32.66,1.82,32.0,0.66,-0.66,بدون سیگنال,,,
Dallas,2026-09-01,بیشینه,2,99.98,1.771,98.5,1.48,-1.48,بدون سیگنال,,,
Austin,2026-09-01,بیشینه,2,98.71,2.448,100.5,1.79,1.79,بدون سیگنال,,,
Los Angeles,2026-09-01,بیشینه,2,74.63,10.967,74.5,0.13,-0.13,بدون سیگنال,,,
Istanbul,2026-09-01,بیشینه,,,,23.0,,,بدون سیگنال,,,
Ankara,2026-09-01,بیشینه,2,29.77,0.889,30.0,0.23,0.23,win,9.23,0.0741,0.4374
Tokyo,2026-09-01,بیشینه,1,30.35,1.657,28.0,2.35,-2.35,بدون سیگنال,,,
Tel Aviv,2026-08-31,بیشینه,1,31.22,1.552,32.0,0.78,0.78,بدون سیگنال,,,
Mexico City,2026-08-31,بیشینه,1,22.91,1.675,24.0,1.09,1.09,بدون سیگنال,,,
Atlanta,2026-08-31,بیشینه,1,94.12,2.344,92.5,1.62,-1.62,بدون سیگنال,,,
Toronto,2026-08-31,بیشینه,1,23.87,1.983,21.0,2.87,-2.87,بدون سیگنال,,,
Madrid,2026-08-31,بیشینه,1,32.51,1.148,33.0,0.49,0.49,بدون سیگنال,,,
Houston,2026-08-31,بیشینه,1,95.55,2.193,90.5,5.05,-5.05,بدون سیگنال,,,
Hong Kong,2026-08-31,بیشینه,0,29.14,1.108,29.0,0.14,-0.14,بدون سیگنال,,,
Ankara,2026-08-31,بیشینه,1,28.34,0.758,29.0,0.66,0.66,بدون سیگنال,,,
Seoul,2026-08-31,بیشینه,0,23.92,1.009,25.0,1.08,1.08,بدون سیگنال,,,
Kuala Lumpur,2026-08-31,بیشینه,0,31.25,1.391,33.0,1.75,1.75,بدون سیگنال,,,
Miami,2026-08-31,بیشینه,1,89.62,2.052,90.5,0.88,0.88,بدون سیگنال,,,
Austin,2026-08-31,بیشینه,1,99.75,2.03,98.5,1.25,-1.25,بدون سیگنال,,,
Jeddah,2026-08-31,بیشینه,1,39.52,1.742,38.0,1.52,-1.52,بدون سیگنال,,,
Dallas,2026-08-31,بیشینه,1,101.71,1.803,100.5,1.21,-1.21,بدون سیگنال,,,
Milan,2026-08-31,بیشینه,1,28.77,0.746,31.0,2.23,2.23,بدون سیگنال,,,
Los Angeles,2026-08-31,بیشینه,1,75.51,9.353,78.5,2.99,2.99,بدون سیگنال,,,
Munich,2026-08-31,بیشینه,1,23.94,0.58,25.0,1.06,1.06,بدون سیگنال,,,
Tokyo,2026-08-31,بیشینه,0,27.79,1.336,27.0,0.79,-0.79,بدون سیگنال,,,
Singapore,2026-08-31,بیشینه,0,31.49,0.988,30.0,1.49,-1.49,loss,-10.0,0.1343,0.4406
Shanghai,2026-08-31,بیشینه,0,31.2,0.999,33.0,1.8,1.8,بدون سیگنال,,,
New York,2026-08-31,بیشینه,1,80.51,2.095,76.5,4.01,-4.01,بدون سیگنال,,,
Chicago,2026-08-31,بیشینه,1,88.19,2.309,86.5,1.69,-1.69,بدون سیگنال,,,
Istanbul,2026-08-31,بیشینه,,,,23.0,,,بدون سیگنال,,,
Paris,2026-08-31,بیشینه,1,22.72,0.746,23.0,0.28,0.28,win,10.0,0.1554,0.461
Houston,2026-08-30,بیشینه,0,96.15,2.072,,,,بدون سیگنال,,,
Los Angeles,2026-08-30,بیشینه,0,81.49,7.394,,,,بدون سیگنال,,,
Mexico City,2026-08-30,بیشینه,0,23.77,1.964,,,,بدون سیگنال,,,
Miami,2026-08-30,بیشینه,0,89.46,1.961,90.5,1.04,1.04,win,1.17,0.6189,0.5297
Jeddah,2026-08-30,بیشینه,0,38.65,1.377,38.0,0.65,-0.65,win,0.01,0.8329,0.6125
Paris,2026-08-30,بیشینه,0,22.83,0.729,24.0,1.17,1.17,win,0.05,0.004,0.5577
Atlanta,2026-08-30,بیشینه,0,89.97,1.331,90.5,0.53,0.53,win,4.81,0.325,0.469
Austin,2026-08-30,بیشینه,0,99.3,1.788,98.5,0.8,-0.8,win,4.29,0.0557,0.4168
Tel Aviv,2026-08-30,بیشینه,0,30.78,1.227,32.0,1.22,1.22,win,0.02,0.6285,0.5805
Istanbul,2026-08-30,بیشینه,,,,22.0,,,بدون سیگنال,,,
Chicago,2026-08-30,بیشینه,0,83.06,2.058,,,,بدون سیگنال,,,
Madrid,2026-08-30,بیشینه,0,31.76,0.783,33.0,1.24,1.24,win,0.04,0.074,0.5906
New York,2026-08-30,بیشینه,0,81.75,2.064,,,,بدون سیگنال,,,
Milan,2026-08-30,بیشینه,0,29.35,0.916,31.0,1.65,1.65,win,0.02,0.1679,0.5522
Toronto,2026-08-30,بیشینه,0,23.7,1.891,,,,بدون سیگنال,,,
Ankara,2026-08-30,بیشینه,0,25.27,1.339,26.0,0.73,0.73,win,0.02,0.9092,0.6072
Dallas,2026-08-30,بیشینه,0,102.35,1.293,,,,بدون سیگنال,,,
Munich,2026-08-30,بیشینه,0,26.09,0.556,27.0,0.91,0.91,بدون سیگنال,,,
Istanbul,2026-08-28,بیشینه,2,23.74,0.64,24.0,0.26,0.26,win,9.43,0.1958,0.4966
Hong Kong,2026-08-28,بیشینه,2,31.61,1.696,32.0,0.39,0.39,بدون سیگنال,,,
Singapore,2026-08-28,بیشینه,2,31.69,1.466,33.0,1.31,1.31,بدون سیگنال,,,
Tokyo,2026-08-28,بیشینه,2,30.41,2.11,32.0,1.59,1.59,بدون سیگنال,,,
Paris,2026-08-28,بیشینه,2,22.41,1.13,24.0,1.59,1.59,بدون سیگنال,,,
Shanghai,2026-08-28,بیشینه,2,30.29,1.039,30.0,0.29,-0.29,بدون سیگنال,,,
Tel Aviv,2026-08-28,بیشینه,2,33.22,1.82,33.0,0.22,-0.22,win,6.0,0.2893,0.4093
Madrid,2026-08-28,بیشینه,2,25.62,1.1,26.0,0.38,0.38,بدون سیگنال,,,
Seoul,2026-08-28,بیشینه,2,28.23,1.143,31.0,2.77,2.77,بدون سیگنال,,,
Munich,2026-08-28,بیشینه,2,28.3,1.822,29.0,0.7,0.7,بدون سیگنال,,,
Kuala Lumpur,2026-08-28,بیشینه,2,32.04,1.121,33.0,0.96,0.96,بدون سیگنال,,,
Ankara,2026-08-28,بیشینه,2,26.9,1.15,27.0,0.1,0.1,بدون سیگنال,,,
Jeddah,2026-08-28,بیشینه,2,37.46,2.043,38.0,0.54,0.54,win,5.62,0.6961,0.5521
Milan,2026-08-28,بیشینه,2,27.64,2.522,30.0,2.36,2.36,بدون سیگنال,,,
Los Angeles,2026-08-27,بیشینه,1,86.59,9.353,88.5,1.91,1.91,بدون سیگنال,,,
Ankara,2026-08-27,بیشینه,1,31.71,0.758,33.0,1.29,1.29,loss,-10.0,0.1492,0.5014
Toronto,2026-08-27,بیشینه,1,25.76,0.879,26.0,0.24,0.24,win,10.21,0.054,0.4336
Miami,2026-08-27,بیشینه,1,89.05,2.052,92.5,3.45,3.45,بدون سیگنال,,,
Munich,2026-08-27,بیشینه,1,29.03,0.893,30.0,0.97,0.97,بدون سیگنال,,,
Tokyo,2026-08-27,بیشینه,1,31.7,1.775,30.0,1.7,-1.7,بدون سیگنال,,,
Dallas,2026-08-27,بیشینه,1,100.91,2.764,100.5,0.41,-0.41,بدون سیگنال,,,
Singapore,2026-08-27,بیشینه,1,31.32,1.25,33.0,1.68,1.68,loss,-10.0,0.0218,0.4216
Jeddah,2026-08-27,بیشینه,1,37.76,1.742,38.0,0.24,0.24,بدون سیگنال,,,
Istanbul,2026-08-27,بیشینه,1,26.69,1.16,27.0,0.31,0.31,win,6.53,0.2929,0.4534
Atlanta,2026-08-27,بیشینه,1,90.82,3.543,88.5,2.32,-2.32,بدون سیگنال,,,
Chicago,2026-08-27,بیشینه,1,82.23,1.405,82.5,0.27,0.27,بدون سیگنال,,,
Seoul,2026-08-27,بیشینه,1,28.13,0.936,30.0,1.87,1.87,بدون سیگنال,,,
Austin,2026-08-27,بیشینه,1,102.99,2.35,102.5,0.49,-0.49,بدون سیگنال,,,
Paris,2026-08-27,بیشینه,1,27.41,1.418,27.0,0.41,-0.41,بدون سیگنال,,,
Mexico City,2026-08-27,بیشینه,1,22.36,1.273,24.0,1.64,1.64,بدون سیگنال,,,
New York,2026-08-27,بیشینه,1,81.27,2.649,76.5,4.77,-4.77,بدون سیگنال,,,
Tel Aviv,2026-08-27,بیشینه,1,33.75,1.552,33.0,0.75,-0.75,بدون سیگنال,,,
Milan,2026-08-27,بیشینه,1,29.76,1.006,30.0,0.24,0.24,win,8.7,0.1941,0.4313
Madrid,2026-08-27,بیشینه,1,23.09,1.379,23.0,0.09,-0.09,بدون سیگنال,,,
Kuala Lumpur,2026-08-27,بیشینه,1,30.93,1.218,33.0,2.07,2.07,بدون سیگنال,,,
Shanghai,2026-08-27,بیشینه,1,31.12,0.886,32.0,0.88,0.88,بدون سیگنال,,,
Houston,2026-08-27,بیشینه,1,96.16,3.999,96.5,0.34,0.34,بدون سیگنال,,,
Hong Kong,2026-08-27,بیشینه,1,30.42,1.354,29.0,1.42,-1.42,بدون سیگنال,,,
Jeddah,2026-08-26,بیشینه,2,37.95,2.043,37.0,0.95,-0.95,loss,-10.0,0.277,0.4382
New York,2026-08-26,بیشینه,0,81.32,2.656,,,,بدون سیگنال,,,
Hong Kong,2026-08-26,بیشینه,2,30.32,1.398,29.0,1.32,-1.32,بدون سیگنال,,,
Toronto,2026-08-26,بیشینه,0,25.59,1.111,24.0,1.59,-1.59,loss,-9.99,0.3394,0.5085
Madrid,2026-08-26,بیشینه,2,28.24,1.694,30.0,1.76,1.76,بدون سیگنال,,,
Ankara,2026-08-26,بیشینه,2,32.9,0.889,33.0,0.1,0.1,win,9.43,0.0672,0.4461
Paris,2026-08-26,بیشینه,2,27.56,1.506,29.0,1.44,1.44,بدون سیگنال,,,
Milan,2026-08-26,بیشینه,2,28.46,1.437,29.0,0.54,0.54,بدون سیگنال,,,
Tokyo,2026-08-26,بیشینه,2,34.92,1.747,33.0,1.92,-1.92,بدون سیگنال,,,
Singapore,2026-08-26,بیشینه,2,31.05,1.466,31.0,0.05,-0.05,بدون سیگنال,,,
Mexico City,2026-08-26,بیشینه,0,22.22,1.091,,,,بدون سیگنال,,,
Dallas,2026-08-26,بیشینه,0,102.21,3.332,,,,بدون سیگنال,,,
Seoul,2026-08-26,بیشینه,2,27.61,1.098,30.0,2.39,2.39,بدون سیگنال,,,
Tel Aviv,2026-08-26,بیشینه,2,33.59,1.82,33.0,0.59,-0.59,بدون سیگنال,,,
Houston,2026-08-26,بیشینه,0,101.05,2.082,,,,بدون سیگنال,,,
Shanghai,2026-08-26,بیشینه,2,30.97,1.039,32.0,1.03,1.03,بدون سیگنال,,,
Miami,2026-08-26,بیشینه,0,89.34,1.622,92.5,3.16,3.16,win,0.1,0.0479,0.513
Chicago,2026-08-26,بیشینه,0,82.89,1.509,,,,بدون سیگنال,,,
Austin,2026-08-26,بیشینه,0,104.19,1.791,,,,بدون سیگنال,,,
Los Angeles,2026-08-26,بیشینه,0,87.99,7.394,86.5,1.49,-1.49,loss,-9.99,0.2208,0.3598
Istanbul,2026-08-26,بیشینه,2,26.85,0.812,28.0,1.15,1.15,loss,-10.0,0.1491,0.4389
Munich,2026-08-26,بیشینه,2,26.29,1.322,28.0,1.71,1.71,بدون سیگنال,,,
Kuala Lumpur,2026-08-26,بیشینه,2,30.52,1.134,32.0,1.48,1.48,بدون سیگنال,,,
Atlanta,2026-08-26,بیشینه,0,92.1,2.378,90.5,1.6,-1.6,win,1.71,0.2715,0.4889
Tokyo,2026-08-25,بیشینه,1,34.09,1.49,34.0,0.09,-0.09,بدون سیگنال,,,
Austin,2026-08-25,بیشینه,1,103.92,1.928,102.5,1.42,-1.42,بدون سیگنال,,,
Ankara,2026-08-25,بیشینه,1,30.56,0.758,30.0,0.56,-0.56,loss,-10.0,0.0032,0.5308
Dallas,2026-08-25,بیشینه,1,107.99,1.808,100.5,7.49,-7.49,بدون سیگنال,,,
Paris,2026-08-25,بیشینه,1,26.68,2.004,29.0,2.32,2.32,بدون سیگنال,,,
Miami,2026-08-25,بیشینه,1,90.4,2.052,92.5,2.1,2.1,بدون سیگنال,,,
Munich,2026-08-25,بیشینه,1,21.91,1.632,17.0,4.91,-4.91,بدون سیگنال,,,
Shanghai,2026-08-25,بیشینه,1,29.94,0.886,31.0,1.06,1.06,بدون سیگنال,,,
Hong Kong,2026-08-25,بیشینه,1,31.24,1.185,31.0,0.24,-0.24,بدون سیگنال,,,
Houston,2026-08-25,بیشینه,1,99.42,2.175,96.5,2.92,-2.92,loss,-10.0,0.1691,0.3349
Atlanta,2026-08-25,بیشینه,1,95.16,2.17,92.5,2.66,-2.66,بدون سیگنال,,,
Seoul,2026-08-25,بیشینه,1,28.15,0.936,31.0,2.85,2.85,بدون سیگنال,,,
New York,2026-08-25,بیشینه,1,79.2,2.531,78.5,0.7,-0.7,بدون سیگنال,,,
Madrid,2026-08-25,بیشینه,1,27.82,1.209,28.0,0.18,0.18,بدون سیگنال,,,
Kuala Lumpur,2026-08-25,بیشینه,1,31.27,1.002,32.0,0.73,0.73,بدون سیگنال,,,
Mexico City,2026-08-25,بیشینه,1,20.22,1.043,22.0,1.78,1.78,بدون سیگنال,,,
Toronto,2026-08-25,بیشینه,1,24.58,0.988,25.0,0.42,0.42,بدون سیگنال,,,
Los Angeles,2026-08-25,بیشینه,1,86.62,9.353,84.5,2.12,-2.12,بدون سیگنال,,,
Milan,2026-08-25,بیشینه,1,27.04,1.552,28.0,0.96,0.96,بدون سیگنال,,,
Tel Aviv,2026-08-25,بیشینه,1,33.73,1.552,33.0,0.73,-0.73,win,3.42,0.2192,0.4642
Singapore,2026-08-25,بیشینه,1,32.28,1.25,33.0,0.72,0.72,win,4.18,0.129,0.4747
Istanbul,2026-08-25,بیشینه,1,27.11,0.942,28.0,0.89,0.89,بدون سیگنال,,,
Jeddah,2026-08-25,بیشینه,1,37.35,1.742,36.0,1.35,-1.35,بدون سیگنال,,,
Chicago,2026-08-25,بیشینه,1,80.25,1.454,80.5,0.25,0.25,win,11.51,0.0598,0.3459
Jeddah,2026-08-24,بیشینه,0,38.14,1.377,38.0,0.14,-0.14,بدون سیگنال,,1.0,0.6304
Los Angeles,2026-08-24,بیشینه,0,85.83,7.394,,,,بدون سیگنال,,0.35,0.4397
New York,2026-08-24,بیشینه,0,80.23,2.589,80.5,0.27,0.27,win,5.16,0.2642,0.4202
Chicago,2026-08-24,بیشینه,0,77.56,1.291,,,,بدون سیگنال,,0.5837,0.5827
Ankara,2026-08-24,بیشینه,1,32.25,0.758,33.0,0.75,0.75,win,132.4,0.2108,0.4626
Paris,2026-08-24,بیشینه,1,26.3,1.894,27.0,0.7,0.7,loss,-52.93,0.0952,0.1684
Hong Kong,2026-08-24,بیشینه,1,31.4,1.451,33.0,1.6,1.6,بدون سیگنال,,,
Singapore,2026-08-24,بیشینه,1,32.19,1.25,33.0,0.81,0.81,بدون سیگنال,,,
Miami,2026-08-24,بیشینه,0,90.59,1.622,,,,بدون سیگنال,,1.0,0.5917
Tokyo,2026-08-24,بیشینه,1,32.0,1.696,33.0,1.0,1.0,بدون سیگنال,,,
Kuala Lumpur,2026-08-24,بیشینه,1,33.04,0.875,34.0,0.96,0.96,بدون سیگنال,,,
Mexico City,2026-08-24,بیشینه,0,18.16,1.124,,,,بدون سیگنال,,,
Seoul,2026-08-24,بیشینه,1,28.32,0.936,31.0,2.68,2.68,بدون سیگنال,,,
Tel Aviv,2026-08-24,بیشینه,1,33.01,1.552,33.0,0.01,-0.01,loss,-54.15,0.0195,0.5831
Madrid,2026-08-24,بیشینه,1,27.0,0.872,29.0,2.0,2.0,win,27.45,0.2674,0.4951
Toronto,2026-08-24,بیشینه,0,21.04,0.759,,,,بدون سیگنال,,,
Austin,2026-08-24,بیشینه,0,104.58,1.935,,,,بدون سیگنال,,,
Istanbul,2026-08-24,بیشینه,1,27.39,1.048,28.0,0.61,0.61,loss,-56.2,0.0291,0.5232
Atlanta,2026-08-24,بیشینه,0,91.75,1.394,,,,بدون سیگنال,,,
Dallas,2026-08-24,بیشینه,0,109.33,1.293,,,,بدون سیگنال,,0.2858,0.4038
Milan,2026-08-24,بیشینه,0,28.3,0.961,29.0,0.7,0.7,بدون سیگنال,,0.5427,0.6196
Shanghai,2026-08-24,بیشینه,1,30.18,0.886,32.0,1.82,1.82,بدون سیگنال,,,
Munich,2026-08-24,بیشینه,0,23.18,0.685,24.0,0.82,0.82,بدون سیگنال,,0.1118,0.6011
Houston,2026-08-24,بیشینه,0,100.92,1.792,,,,بدون سیگنال,,,
Kuala Lumpur,2026-08-23,بیشینه,0,,0.354,34.0,,,بدون سیگنال,,,
New York,2026-08-23,بیشینه,0,82.84,2.263,,,,بدون سیگنال,,1.0,0.4332
Singapore,2026-08-23,بیشینه,0,,0.988,33.0,,,بدون سیگنال,,,
Paris,2026-08-23,بیشینه,0,,0.303,24.0,,,بدون سیگنال,,,
Madrid,2026-08-23,بیشینه,0,,0.29,34.0,,,بدون سیگنال,,1.0,1.0
Chicago,2026-08-23,بیشینه,0,75.65,1.334,76.5,0.85,0.85,بدون سیگنال,,0.7328,0.3982
Toronto,2026-08-23,بیشینه,0,20.54,0.996,,,,بدون سیگنال,,0.6095,0.3828
Tokyo,2026-08-23,بیشینه,0,,1.178,31.0,,,بدون سیگنال,,,
Shanghai,2026-08-23,بیشینه,0,,0.701,31.0,,,بدون سیگنال,,,
Milan,2026-08-23,بیشینه,0,,0.59,28.0,,,بدون سیگنال,,,
Jeddah,2026-08-23,بیشینه,0,,1.377,40.0,,,بدون سیگنال,,,
Istanbul,2026-08-23,بیشینه,0,,0.298,28.0,,,بدون سیگنال,,,
Austin,2026-08-23,بیشینه,0,105.56,1.571,,,,بدون سیگنال,,0.5015,0.4207
Dallas,2026-08-23,بیشینه,0,108.34,1.339,,,,بدون سیگنال,,,
Hong Kong,2026-08-23,بیشینه,0,,0.573,32.0,,,بدون سیگنال,,1.0,0.995
Tel Aviv,2026-08-23,بیشینه,0,,1.227,32.0,,,بدون سیگنال,,,
Munich,2026-08-23,بیشینه,0,,0.324,23.0,,,بدون سیگنال,,,
Seoul,2026-08-23,بیشینه,0,,0.74,32.0,,,بدون سیگنال,,,
Los Angeles,2026-08-23,بیشینه,0,87.56,7.394,91.0,3.44,3.44,بدون سیگنال,,1.0,0.1534
Houston,2026-08-23,بیشینه,0,102.44,1.782,,,,بدون سیگنال,,,
Mexico City,2026-08-23,بیشینه,0,18.83,1.454,,,,بدون سیگنال,,,
Atlanta,2026-08-23,بیشینه,0,92.92,1.873,92.5,0.42,-0.42,بدون سیگنال,,1.0,0.4026
Miami,2026-08-23,بیشینه,0,90.87,1.622,92.5,1.63,1.63,بدون سیگنال,,0.2134,0.1605
Ankara,2026-08-23,بیشینه,0,,0.599,35.0,,,بدون سیگنال,,,
Dallas,2026-08-22,بیشینه,1,108.21,1.953,,,,بدون سیگنال,,0.7835,0.7777
Munich,2026-08-22,بیشینه,1,20.61,1.24,21.0,0.39,0.39,loss,-1.81,0.8882,0.3758
Ankara,2026-08-22,بیشینه,1,34.58,0.758,35.0,0.42,0.42,بدون سیگنال,,0.6646,0.4801
Shanghai,2026-08-22,بیشینه,1,,0.886,31.0,,,بدون سیگنال,,,
Mexico City,2026-08-22,بیشینه,1,,1.043,,,,بدون سیگنال,,,
New York,2026-08-22,بیشینه,1,75.47,2.066,76.5,1.03,1.03,loss,-2.83,0.9108,0.5952
Paris,2026-08-22,بیشینه,1,22.17,1.12,24.0,1.83,1.83,بدون سیگنال,,0.4474,0.5939
Austin,2026-08-22,بیشینه,1,105.07,1.645,104.5,0.57,-0.57,loss,-2.02,0.8986,0.4862
Los Angeles,2026-08-22,بیشینه,1,85.15,9.353,,,,بدون سیگنال,,0.4008,0.1311
Seoul,2026-08-22,بیشینه,1,,0.936,27.0,,,بدون سیگنال,,,
Madrid,2026-08-22,بیشینه,1,32.58,1.003,33.0,0.42,0.42,بدون سیگنال,,0.4025,0.2851
Kuala Lumpur,2026-08-22,بیشینه,1,,0.448,34.0,,,بدون سیگنال,,,
Singapore,2026-08-22,بیشینه,1,,1.25,33.0,,,بدون سیگنال,,,
Atlanta,2026-08-22,بیشینه,1,93.64,1.709,92.5,1.14,-1.14,loss,-2.97,0.8159,0.6605
Tel Aviv,2026-08-22,بیشینه,1,32.75,1.552,33.0,0.25,0.25,بدون سیگنال,,0.4034,0.6356
Istanbul,2026-08-22,بیشینه,1,26.49,1.014,27.0,0.51,0.51,بدون سیگنال,,0.5124,0.5978
Chicago,2026-08-22,بیشینه,1,79.52,2.742,,,,بدون سیگنال,,0.6957,0.6376
Houston,2026-08-22,بیشینه,1,101.63,1.918,,,,بدون سیگنال,,0.7273,0.7198
Toronto,2026-08-22,بیشینه,1,,0.786,,,,بدون سیگنال,,,
Jeddah,2026-08-22,بیشینه,1,38.16,1.742,38.0,0.16,-0.16,بدون سیگنال,,0.6748,0.2689
Milan,2026-08-22,بیشینه,1,28.55,1.183,29.0,0.45,0.45,بدون سیگنال,,0.6208,0.0966
Miami,2026-08-22,بیشینه,1,91.99,2.052,94.5,2.51,2.51,بدون سیگنال,,0.4776,0.6559
Tokyo,2026-08-22,بیشینه,1,,1.49,31.0,,,بدون سیگنال,,,
Hong Kong,2026-08-22,بیشینه,1,,0.725,31.0,,,بدون سیگنال,,,
New York,2026-08-21,بیشینه,1,80.75,2.276,78.5,2.25,-2.25,loss,-1.16,0.8464,0.6359
Jeddah,2026-08-21,بیشینه,1,36.86,1.742,37.0,0.14,0.14,بدون سیگنال,,0.5774,0.0813
Toronto,2026-08-21,بیشینه,1,25.92,0.892,,,,بدون سیگنال,,0.4854,0.6009
Seoul,2026-08-21,بیشینه,1,25.72,1.067,27.0,1.28,1.28,بدون سیگنال,,0.4011,0.4066
Tokyo,2026-08-21,بیشینه,1,30.97,1.49,32.0,1.03,1.03,loss,-1.0,0.8035,0.3874
Dallas,2026-08-21,بیشینه,1,107.45,2.115,,,,بدون سیگنال,,0.743,0.7056
Atlanta,2026-08-21,بیشینه,1,92.07,3.35,94.5,2.43,2.43,win,3.04,0.8611,0.7785
Austin,2026-08-21,بیشینه,1,103.22,2.097,,,,بدون سیگنال,,0.7502,0.6058
Milan,2026-08-21,بیشینه,1,22.47,1.402,24.0,1.53,1.53,بدون سیگنال,,0.4118,0.0146
Los Angeles,2026-08-21,بیشینه,1,83.96,9.353,,,,بدون سیگنال,,0.4009,0.116
Paris,2026-08-21,بیشینه,1,22.05,1.528,24.0,1.95,1.95,بدون سیگنال,,0.4269,0.1059
Miami,2026-08-21,بیشینه,1,90.5,2.052,92.5,2.0,2.0,بدون سیگنال,,0.7471,0.6835
Houston,2026-08-21,بیشینه,1,100.98,1.754,,,,بدون سیگنال,,0.657,0.6479
Ankara,2026-08-21,بیشینه,1,32.23,0.758,33.0,0.77,0.77,بدون سیگنال,,0.7307,0.1127
Singapore,2026-08-21,بیشینه,1,32.23,1.25,33.0,0.77,0.77,بدون سیگنال,,0.4317,0.578
Mexico City,2026-08-21,بیشینه,1,23.34,1.438,,,,بدون سیگنال,,0.43,0.7124
Kuala Lumpur,2026-08-21,بیشینه,1,31.73,0.75,33.0,1.27,1.27,بدون سیگنال,,0.4049,0.6988
Munich,2026-08-21,بیشینه,1,21.24,1.763,22.0,0.76,0.76,win,1.55,0.8989,0.6234
Madrid,2026-08-21,بیشینه,1,30.88,1.103,32.0,1.12,1.12,بدون سیگنال,,0.4033,0.059
Istanbul,2026-08-21,بیشینه,1,26.41,1.05,26.0,0.41,-0.41,بدون سیگنال,,0.4606,0.55
Chicago,2026-08-21,بیشینه,1,79.88,2.052,80.5,0.62,0.62,loss,-3.18,0.8069,0.6443
Shanghai,2026-08-21,بیشینه,1,30.02,0.886,31.0,0.98,0.98,بدون سیگنال,,0.4661,0.6153
Hong Kong,2026-08-21,بیشینه,1,30.18,1.337,31.0,0.82,0.82,loss,-1.28,0.9978,0.4303
Tel Aviv,2026-08-21,بیشینه,1,33.16,1.552,33.0,0.16,-0.16,بدون سیگنال,,0.4178,0.5386
Hong Kong,2026-08-20,بیشینه,1,29.65,1.349,29.0,0.65,-0.65,بدون سیگنال,,0.4023,0.0662
Tel Aviv,2026-08-20,بیشینه,1,,1.552,32.0,,,بدون سیگنال,,,
Jeddah,2026-08-20,بیشینه,1,37.95,1.742,39.0,1.05,1.05,بدون سیگنال,,0.6137,0.0838
Paris,2026-08-20,بیشینه,1,23.54,1.176,26.0,2.46,2.46,بدون سیگنال,,0.4646,0.6937
Toronto,2026-08-20,بیشینه,1,26.4,1.057,,,,بدون سیگنال,,0.4927,0.69
Seoul,2026-08-20,بیشینه,1,26.86,1.528,28.0,1.14,1.14,بدون سیگنال,,0.4026,0.0585
Shanghai,2026-08-20,بیشینه,1,29.82,0.886,32.0,2.18,2.18,بدون سیگنال,,0.5119,0.6801
Dallas,2026-08-20,بیشینه,1,107.64,1.876,,,,بدون سیگنال,,0.6858,0.6977
Kuala Lumpur,2026-08-20,بیشینه,1,30.98,0.907,34.0,3.02,3.02,بدون سیگنال,,0.4211,0.2791
Houston,2026-08-20,بیشینه,1,100.33,1.555,,,,بدون سیگنال,,0.7222,0.6619
Munich,2026-08-20,بیشینه,1,26.09,1.187,25.0,1.09,-1.09,بدون سیگنال,,0.579,0.4136
Ankara,2026-08-20,بیشینه,1,,0.758,31.0,,,بدون سیگنال,,,
Tokyo,2026-08-20,بیشینه,1,,1.49,33.0,,,بدون سیگنال,,,
Singapore,2026-08-20,بیشینه,1,31.85,1.25,33.0,1.15,1.15,بدون سیگنال,,0.4484,0.5868
Istanbul,2026-08-20,بیشینه,1,26.95,0.942,27.0,0.05,0.05,بدون سیگنال,,0.4044,0.624
Atlanta,2026-08-20,بیشینه,1,98.26,2.645,,,,بدون سیگنال,,0.4183,0.023
Los Angeles,2026-08-20,بیشینه,1,83.25,9.353,,,,بدون سیگنال,,0.4013,0.7065
Chicago,2026-08-20,بیشینه,1,79.82,2.887,,,,بدون سیگنال,,0.7212,0.658
Austin,2026-08-20,بیشینه,1,103.05,2.304,,,,بدون سیگنال,,0.7659,0.6425
Madrid,2026-08-20,بیشینه,1,30.94,1.001,32.0,1.06,1.06,بدون سیگنال,,0.4119,0.049
New York,2026-08-20,بیشینه,1,85.74,3.505,84.5,1.24,-1.24,بدون سیگنال,,0.4074,0.0841
Mexico City,2026-08-20,بیشینه,1,23.21,1.919,,,,بدون سیگنال,,0.4028,0.7126
Miami,2026-08-20,بیشینه,1,92.16,2.052,92.5,0.34,0.34,loss,-1.08,0.8854,0.4472
Milan,2026-08-20,بیشینه,1,26.03,2.234,30.0,3.97,3.97,win,4.94,0.8889,0.6087
Shanghai,2026-08-19,بیشینه,1,29.92,0.886,31.0,1.08,1.08,بدون سیگنال,,0.4161,0.6464
Hong Kong,2026-08-19,بیشینه,1,31.21,0.725,32.0,0.79,0.79,بدون سیگنال,,0.6146,0.1119
Toronto,2026-08-19,بیشینه,1,25.78,0.95,27.0,1.22,1.22,loss,-0.73,0.9573,0.4228
Houston,2026-08-19,بیشینه,1,99.02,2.309,96.5,2.52,-2.52,بدون سیگنال,,0.7224,0.6858
Milan,2026-08-19,بیشینه,1,31.8,0.932,32.0,0.2,0.2,بدون سیگنال,,0.4271,0.0442
Seoul,2026-08-19,بیشینه,1,27.94,0.936,29.0,1.06,1.06,بدون سیگنال,,0.4291,0.7458
New York,2026-08-19,بیشینه,1,87.16,2.613,86.5,0.66,-0.66,loss,-0.78,0.8184,0.4444
Austin,2026-08-19,بیشینه,1,102.24,2.257,,,,بدون سیگنال,,0.7878,0.6431
Kuala Lumpur,2026-08-19,بیشینه,1,31.01,1.003,34.0,2.99,2.99,بدون سیگنال,,0.509,0.1051
Miami,2026-08-19,بیشینه,1,95.51,2.052,94.5,1.01,-1.01,بدون سیگنال,,0.765,0.6381
Singapore,2026-08-19,بیشینه,2,,1.466,33.0,,,بدون سیگنال,,,
Los Angeles,2026-08-19,بیشینه,1,83.73,9.353,80.5,3.23,-3.23,بدون سیگنال,,0.4016,0.6856
Dallas,2026-08-19,بیشینه,1,107.21,1.455,104.5,2.71,-2.71,بدون سیگنال,,0.7306,0.7264
Mexico City,2026-08-19,بیشینه,1,24.9,2.727,,,,بدون سیگنال,,0.4129,0.7136
Tokyo,2026-08-19,بیشینه,1,30.72,1.552,32.0,1.28,1.28,بدون سیگنال,,0.5175,0.6524
Munich,2026-08-19,بیشینه,1,28.32,1.368,31.0,2.68,2.68,بدون سیگنال,,0.5105,0.0469
Jeddah,2026-08-19,بیشینه,1,38.36,1.742,37.0,1.36,-1.36,بدون سیگنال,,0.4729,0.0531
Madrid,2026-08-19,بیشینه,1,35.48,0.704,36.0,0.52,0.52,بدون سیگنال,,0.7272,0.4757
Tel Aviv,2026-08-19,بیشینه,1,32.13,1.552,32.0,0.13,-0.13,بدون سیگنال,,0.404,0.5477
Atlanta,2026-08-19,بیشینه,1,96.81,1.97,94.5,2.31,-2.31,بدون سیگنال,,0.7944,0.7305
Chicago,2026-08-19,بیشینه,1,80.15,3.117,78.5,1.65,-1.65,بدون سیگنال,,0.411,0.0369
Istanbul,2026-08-19,بیشینه,1,26.53,1.162,27.0,0.47,0.47,بدون سیگنال,,0.4545,0.6201
Ankara,2026-08-19,بیشینه,1,31.28,0.758,32.0,0.72,0.72,بدون سیگنال,,0.5684,0.1722
Paris,2026-08-19,بیشینه,1,25.61,2.291,29.0,3.39,3.39,بدون سیگنال,,0.4594,0.0634
Tel Aviv,2026-08-18,بیشینه,1,,1.552,32.0,,,بدون سیگنال,,,
Milan,2026-08-18,بیشینه,1,31.82,0.746,32.0,0.18,0.18,win,0.01,0.9998,0.9727
Mexico City,2026-08-18,بیشینه,1,,1.043,,,,بدون سیگنال,,,
Munich,2026-08-18,بیشینه,1,20.11,1.54,20.0,0.11,-0.11,بدون سیگنال,,0.5587,0.283
Miami,2026-08-18,بیشینه,1,96.92,2.052,98.5,1.58,1.58,loss,-3.14,0.8162,0.6095
Tokyo,2026-08-18,بیشینه,1,,1.49,31.0,,,بدون سیگنال,,,
Seoul,2026-08-18,بیشینه,1,,0.936,31.0,,,بدون سیگنال,,,
Istanbul,2026-08-18,بیشینه,1,,0.377,32.0,,,بدون سیگنال,,,
Ankara,2026-08-18,بیشینه,1,,0.758,30.0,,,بدون سیگنال,,,
Hong Kong,2026-08-18,بیشینه,1,,0.725,32.0,,,بدون سیگنال,,,
Jeddah,2026-08-18,بیشینه,1,,1.742,38.0,,,بدون سیگنال,,,
Shanghai,2026-08-18,بیشینه,1,,0.886,31.0,,,بدون سیگنال,,,
New York,2026-08-18,بیشینه,1,86.65,2.066,84.5,2.15,-2.15,loss,-1.3,0.9044,0.4688
Chicago,2026-08-18,بیشینه,1,81.11,2.46,,,,بدون سیگنال,,0.7849,0.6655
Los Angeles,2026-08-18,بیشینه,1,80.47,9.353,,,,بدون سیگنال,,0.4011,0.6766
Paris,2026-08-18,بیشینه,1,26.46,1.668,27.0,0.54,0.54,بدون سیگنال,,0.5628,0.189
Singapore,2026-08-18,بیشینه,1,,1.25,33.0,,,بدون سیگنال,,,
Kuala Lumpur,2026-08-18,بیشینه,1,,0.448,33.0,,,بدون سیگنال,,,
Houston,2026-08-18,بیشینه,1,98.07,2.172,,,,بدون سیگنال,,0.6582,0.6024
Atlanta,2026-08-18,بیشینه,1,95.56,1.986,,,,بدون سیگنال,,0.7217,0.6128
Dallas,2026-08-18,بیشینه,1,107.38,1.724,,,,بدون سیگنال,,0.7573,0.735
Toronto,2026-08-18,بیشینه,1,,0.786,,,,بدون سیگنال,,,
Madrid,2026-08-18,بیشینه,1,37.68,0.738,39.0,1.32,1.32,بدون سیگنال,,0.4464,0.6245
Austin,2026-08-18,بیشینه,1,102.15,2.881,,,,بدون سیگنال,,0.7843,0.7079
Chicago,2026-08-17,بیشینه,1,80.21,2.496,78.5,1.71,-1.71,loss,-0.6,0.8025,0.471
Munich,2026-08-17,بیشینه,1,22.32,1.31,27.0,4.68,4.68,بدون سیگنال,,0.4011,0.2665
Shanghai,2026-08-17,بیشینه,1,30.16,0.886,31.0,0.84,0.84,بدون سیگنال,,0.5459,0.42
Paris,2026-08-17,بیشینه,1,28.13,0.964,29.0,0.87,0.87,بدون سیگنال,,0.4768,0.5983
New York,2026-08-17,بیشینه,1,86.03,3.282,,,,بدون سیگنال,,0.4105,0.0223
Singapore,2026-08-17,بیشینه,1,31.91,1.25,33.0,1.09,1.09,بدون سیگنال,,0.4513,0.5489
Los Angeles,2026-08-17,بیشینه,1,78.68,9.353,,,,بدون سیگنال,,0.4008,0.7151
Houston,2026-08-17,بیشینه,1,99.25,2.138,,,,بدون سیگنال,,0.4026,0.655
Hong Kong,2026-08-17,بیشینه,1,32.58,1.619,32.0,0.58,-0.58,بدون سیگنال,,0.4494,0.0475
Seoul,2026-08-17,بیشینه,1,27.57,0.936,28.0,0.43,0.43,بدون سیگنال,,0.4107,0.016
Mexico City,2026-08-17,بیشینه,1,24.91,2.597,,,,بدون سیگنال,,0.4024,0.6613
Kuala Lumpur,2026-08-17,بیشینه,1,31.97,0.859,34.0,2.03,2.03,بدون سیگنال,,0.4039,0.0898
Tel Aviv,2026-08-17,بیشینه,1,30.84,1.552,31.0,0.16,0.16,بدون سیگنال,,0.4025,0.6318
Istanbul,2026-08-17,بیشینه,1,25.65,0.882,25.0,0.65,-0.65,بدون سیگنال,,0.506,0.5183
Austin,2026-08-17,بیشینه,1,102.97,2.571,102.5,0.47,-0.47,loss,-1.3,0.8222,0.5167
Ankara,2026-08-17,بیشینه,1,,0.758,27.0,,,بدون سیگنال,,,
Toronto,2026-08-17,بیشینه,1,26.77,0.786,,,,بدون سیگنال,,0.6464,0.5636
Jeddah,2026-08-17,بیشینه,1,40.05,1.742,41.0,0.95,0.95,بدون سیگنال,,0.4684,0.0357
Dallas,2026-08-17,بیشینه,1,107.42,1.562,,,,بدون سیگنال,,0.4245,0.1031
Madrid,2026-08-17,بیشینه,1,36.4,0.476,38.0,1.6,1.6,بدون سیگنال,,0.5211,0.2256
Milan,2026-08-17,بیشینه,1,31.88,1.379,31.0,0.88,-0.88,بدون سیگنال,,0.4034,0.0406
Tokyo,2026-08-17,بیشینه,1,29.49,1.884,29.0,0.49,-0.49,بدون سیگنال,,0.7743,0.6712
Miami,2026-08-17,بیشینه,1,94.41,2.052,94.5,0.09,0.09,loss,-1.97,0.8485,0.6698
Atlanta,2026-08-17,بیشینه,1,98.87,1.886,98.5,0.37,-0.37,loss,-3.99,0.84,0.6315
Ankara,2026-08-16,بیشینه,,,,,,,بدون سیگنال,,,
Shanghai,2026-08-16,بیشینه,,,,,,,بدون سیگنال,,,
Tokyo,2026-08-16,بیشینه,,,,,,,بدون سیگنال,,,
Jeddah,2026-08-16,بیشینه,,,,,,,بدون سیگنال,,,
New York,2026-08-16,بیشینه,,,,,,,بدون سیگنال,,,
Miami,2026-08-16,بیشینه,,,,,,,بدون سیگنال,,,
Atlanta,2026-08-16,بیشینه,,,,,,,بدون سیگنال,,,
Houston,2026-08-16,بیشینه,,,,,,,بدون سیگنال,,,
Milan,2026-08-16,بیشینه,,,,,,,بدون سیگنال,,,
Los Angeles,2026-08-16,بیشینه,,,,,,,بدون سیگنال,,,
Austin,2026-08-16,بیشینه,,,,,,,بدون سیگنال,,,
Kuala Lumpur,2026-08-16,بیشینه,,,,,,,بدون سیگنال,,,
Dallas,2026-08-16,بیشینه,,,,,,,بدون سیگنال,,,
Singapore,2026-08-16,بیشینه,,,,,,,بدون سیگنال,,,
Istanbul,2026-08-16,بیشینه,,,,23.0,,,بدون سیگنال,,,
Munich,2026-08-16,بیشینه,,,,,,,بدون سیگنال,,,
Madrid,2026-08-16,بیشینه,,,,,,,بدون سیگنال,,,
Toronto,2026-08-16,بیشینه,,,,,,,بدون سیگنال,,,
Paris,2026-08-16,بیشینه,,,,,,,بدون سیگنال,,,
Tel Aviv,2026-08-16,بیشینه,,,,27.0,,,بدون سیگنال,,,
Hong Kong,2026-08-16,بیشینه,,,,,,,بدون سیگنال,,,
Mexico City,2026-08-16,بیشینه,,,,,,,بدون سیگنال,,,
Chicago,2026-08-16,بیشینه,,,,,,,بدون سیگنال,,,
Seoul,2026-08-16,بیشینه,,,,,,,بدون سیگنال,,,
Tokyo,2026-08-12,بیشینه,2,26.5,1.971,29.0,2.5,2.5,بدون سیگنال,,0.4127,0.0422
Hong Kong,2026-08-12,بیشینه,2,32.88,1.382,34.0,1.12,1.12,بدون سیگنال,,0.565,0.0741
Munich,2026-08-12,بیشینه,2,28.98,1.016,30.0,1.02,1.02,بدون سیگنال,,0.493,0.6861
Ankara,2026-08-12,بیشینه,2,32.28,0.889,32.0,0.28,-0.28,بدون سیگنال,,0.5037,0.5183
Tel Aviv,2026-08-12,بیشینه,2,35.06,1.82,35.0,0.06,-0.06,بدون سیگنال,,0.4357,0.0572
Singapore,2026-08-12,بیشینه,2,31.87,1.466,32.0,0.13,0.13,بدون سیگنال,,0.4062,0.5917
Seoul,2026-08-12,بیشینه,2,30.37,1.467,32.0,1.63,1.63,بدون سیگنال,,0.4561,0.2702
Madrid,2026-08-12,بیشینه,2,37.47,0.903,38.0,0.53,0.53,بدون سیگنال,,0.4606,0.6622
Kuala Lumpur,2026-08-12,بیشینه,2,31.45,0.876,34.0,2.55,2.55,بدون سیگنال,,0.4587,0.2149
Jeddah,2026-08-12,بیشینه,2,40.25,2.043,39.0,1.25,-1.25,win,2.35,0.9171,0.2864
Paris,2026-08-12,بیشینه,2,34.23,1.835,35.0,0.77,0.77,بدون سیگنال,,0.4499,0.6729
Milan,2026-08-12,بیشینه,2,34.6,1.473,36.0,1.4,1.4,بدون سیگنال,,0.5221,0.0459
Istanbul,2026-08-12,بیشینه,2,27.39,0.913,28.0,0.61,0.61,بدون سیگنال,,0.464,0.5719
Shanghai,2026-08-12,بیشینه,2,28.67,1.039,27.0,1.67,-1.67,بدون سیگنال,,0.5362,0.346
Chicago,2026-08-11,بیشینه,1,83.48,3.229,80.5,2.98,-2.98,loss,-3.05,0.819,0.6517
Tel Aviv,2026-08-11,بیشینه,1,35.85,1.552,35.0,0.85,-0.85,بدون سیگنال,,0.4067,0.6556
Jeddah,2026-08-11,بیشینه,1,39.34,1.742,40.0,0.66,0.66,بدون سیگنال,,0.651,0.1151
Toronto,2026-08-11,بیشینه,1,27.93,1.498,29.0,1.07,1.07,بدون سیگنال,,0.5651,0.6403
Seoul,2026-08-11,بیشینه,1,31.46,0.981,32.0,0.54,0.54,بدون سیگنال,,0.4912,0.1709
Los Angeles,2026-08-11,بیشینه,1,78.07,9.353,80.5,2.43,2.43,بدون سیگنال,,0.4012,0.7079
Atlanta,2026-08-11,بیشینه,1,91.87,2.153,92.5,0.63,0.63,loss,-0.22,0.9501,0.3959
New York,2026-08-11,بیشینه,1,92.07,2.066,86.5,5.57,-5.57,بدون سیگنال,,0.7465,0.7486
Miami,2026-08-11,بیشینه,1,90.85,2.052,92.5,1.65,1.65,بدون سیگنال,,0.6616,0.5968
Hong Kong,2026-08-11,بیشینه,1,33.71,0.725,35.0,1.29,1.29,بدون سیگنال,,0.5129,0.0416
Istanbul,2026-08-11,بیشینه,1,26.83,0.908,27.0,0.17,0.17,بدون سیگنال,,0.4034,0.5914
Shanghai,2026-08-11,بیشینه,1,29.14,0.886,29.0,0.14,-0.14,بدون سیگنال,,0.4065,0.2264
Paris,2026-08-11,بیشینه,1,31.49,1.977,32.0,0.51,0.51,بدون سیگنال,,0.4094,0.6423
Kuala Lumpur,2026-08-11,بیشینه,1,31.04,0.938,32.0,0.96,0.96,بدون سیگنال,,0.4238,0.7304
Austin,2026-08-11,بیشینه,1,100.03,2.687,100.5,0.47,0.47,بدون سیگنال,,0.7301,0.6542
Dallas,2026-08-11,بیشینه,1,101.51,2.168,98.5,3.01,-3.01,بدون سیگنال,,0.742,0.7196
Munich,2026-08-11,بیشینه,1,,0.41,31.0,,,بدون سیگنال,,,
Singapore,2026-08-11,بیشینه,1,31.87,1.25,33.0,1.13,1.13,بدون سیگنال,,0.429,0.5359
Madrid,2026-08-11,بیشینه,1,35.53,0.929,36.0,0.47,0.47,بدون سیگنال,,0.4246,0.6265
Tokyo,2026-08-11,بیشینه,1,28.24,1.58,32.0,3.76,3.76,بدون سیگنال,,0.6432,0.0692
Milan,2026-08-11,بیشینه,1,36.03,1.245,36.0,0.03,-0.03,بدون سیگنال,,0.4964,0.5679
Houston,2026-08-11,بیشینه,1,94.81,2.705,92.5,2.31,-2.31,بدون سیگنال,,0.7482,0.6545
Ankara,2026-08-11,بیشینه,1,31.73,0.774,32.0,0.27,0.27,بدون سیگنال,,0.5629,0.1078
Mexico City,2026-08-11,بیشینه,1,23.09,1.497,25.0,1.91,1.91,بدون سیگنال,,0.4257,0.7041
Madrid,2026-08-10,بیشینه,1,35.8,1.004,37.0,1.2,1.2,بدون سیگنال,,0.4033,0.5993
Paris,2026-08-10,بیشینه,1,30.79,1.305,32.0,1.21,1.21,بدون سیگنال,,0.4274,0.6088
Tokyo,2026-08-10,بیشینه,1,31.0,1.49,30.0,1.0,-1.0,بدون سیگنال,,0.5051,0.6353
Jeddah,2026-08-10,بیشینه,1,,1.742,41.0,,,بدون سیگنال,,,
Toronto,2026-08-10,بیشینه,1,27.93,1.413,,,,بدون سیگنال,,0.57,0.069
Houston,2026-08-10,بیشینه,1,90.16,3.31,,,,بدون سیگنال,,0.7952,0.7109
Ankara,2026-08-10,بیشینه,1,,0.758,31.0,,,بدون سیگنال,,,
Seoul,2026-08-10,بیشینه,1,31.51,1.0,33.0,1.49,1.49,بدون سیگنال,,0.4473,0.4023
Atlanta,2026-08-10,بیشینه,1,91.91,2.257,94.5,2.59,2.59,win,7.07,0.8781,0.4651
Singapore,2026-08-10,بیشینه,1,31.63,1.25,32.0,0.37,0.37,بدون سیگنال,,0.4557,0.5345
Austin,2026-08-10,بیشینه,1,97.64,2.285,,,,بدون سیگنال,,0.7843,0.6342
Dallas,2026-08-10,بیشینه,1,100.85,1.836,,,,بدون سیگنال,,0.7538,0.7083
Shanghai,2026-08-10,بیشینه,1,28.78,0.886,28.0,0.78,-0.78,بدون سیگنال,,0.4038,0.6328
Los Angeles,2026-08-10,بیشینه,1,80.12,9.353,,,,بدون سیگنال,,0.401,0.6479
Istanbul,2026-08-10,بیشینه,1,,0.377,28.0,,,بدون سیگنال,,,
Miami,2026-08-10,بیشینه,1,90.54,2.052,92.5,1.96,1.96,بدون سیگنال,,0.7126,0.6614
Kuala Lumpur,2026-08-10,بیشینه,1,31.17,0.87,34.0,2.83,2.83,بدون سیگنال,,0.4276,0.4872
Tel Aviv,2026-08-10,بیشینه,1,,1.552,34.0,,,بدون سیگنال,,,
New York,2026-08-10,بیشینه,1,92.72,2.066,90.5,2.22,-2.22,loss,-0.28,0.8619,0.4771
Chicago,2026-08-10,بیشینه,1,86.76,2.822,86.5,0.26,-0.26,بدون سیگنال,,0.4253,0.0275
Milan,2026-08-10,بیشینه,1,35.31,1.284,34.0,1.31,-1.31,بدون سیگنال,,0.4726,0.5444
Mexico City,2026-08-10,بیشینه,1,21.51,1.043,25.0,3.49,3.49,بدون سیگنال,,0.4205,0.7548
Hong Kong,2026-08-10,بیشینه,1,34.12,1.478,35.0,0.88,0.88,بدون سیگنال,,0.4488,0.0983
Munich,2026-08-10,بیشینه,1,31.69,1.134,34.0,2.31,2.31,بدون سیگنال,,0.4226,0.7427
Austin,2026-08-09,بیشینه,1,98.13,2.307,98.5,0.37,0.37,loss,-2.63,0.8081,0.6552
Madrid,2026-08-09,بیشینه,1,36.1,0.811,37.0,0.9,0.9,بدون سیگنال,,0.4155,0.6092
Munich,2026-08-09,بیشینه,1,31.81,1.235,34.0,2.19,2.19,بدون سیگنال,,0.4316,0.7396
Toronto,2026-08-09,بیشینه,1,28.62,1.091,,,,بدون سیگنال,,0.535,0.0945
Paris,2026-08-09,بیشینه,1,31.75,1.902,33.0,1.25,1.25,بدون سیگنال,,0.4042,0.0336
Milan,2026-08-09,بیشینه,1,33.86,1.534,34.0,0.14,0.14,بدون سیگنال,,0.4519,0.6522
Houston,2026-08-09,بیشینه,1,91.56,3.937,,,,بدون سیگنال,,0.4209,0.6872
Seoul,2026-08-09,بیشینه,1,31.63,1.015,33.0,1.37,1.37,بدون سیگنال,,0.4307,0.7474
Tel Aviv,2026-08-09,بیشینه,1,33.34,1.552,33.0,0.34,-0.34,بدون سیگنال,,0.4339,0.5498
Dallas,2026-08-09,بیشینه,1,100.77,1.712,,,,بدون سیگنال,,0.7919,0.7219
Singapore,2026-08-09,بیشینه,1,31.96,1.25,32.0,0.04,0.04,بدون سیگنال,,0.4317,0.2939
Hong Kong,2026-08-09,بیشینه,1,34.62,1.295,36.0,1.38,1.38,بدون سیگنال,,0.4273,0.0807
New York,2026-08-09,بیشینه,1,94.48,2.066,,,,بدون سیگنال,,0.4312,0.0613
Jeddah,2026-08-09,بیشینه,1,38.77,1.742,37.0,1.77,-1.77,بدون سیگنال,,0.4508,0.5797
Kuala Lumpur,2026-08-09,بیشینه,1,31.35,0.725,33.0,1.65,1.65,بدون سیگنال,,0.409,0.494
Tokyo,2026-08-09,بیشینه,1,33.77,1.49,33.0,0.77,-0.77,بدون سیگنال,,0.445,0.0909
Ankara,2026-08-09,بیشینه,1,31.75,1.288,31.0,0.75,-0.75,بدون سیگنال,,0.4779,0.5839
Atlanta,2026-08-09,بیشینه,1,92.97,2.803,,,,بدون سیگنال,,0.4311,0.0328
Mexico City,2026-08-09,بیشینه,1,20.75,1.043,,,,بدون سیگنال,,0.4056,0.2508
Los Angeles,2026-08-09,بیشینه,1,82.62,9.353,,,,بدون سیگنال,,0.4034,0.725
Shanghai,2026-08-09,بیشینه,1,29.05,0.886,28.0,1.05,-1.05,بدون سیگنال,,0.4057,0.305
Miami,2026-08-09,بیشینه,1,89.81,2.052,,,,بدون سیگنال,,0.4737,0.6451
Istanbul,2026-08-09,بیشینه,1,26.13,0.677,27.0,0.87,0.87,بدون سیگنال,,0.4449,0.6377
Chicago,2026-08-09,بیشینه,1,87.33,3.524,,,,بدون سیگنال,,0.4253,0.0375
Miami,2026-08-08,بیشینه,,,,,,,بدون سیگنال,,,
Toronto,2026-08-08,بیشینه,,,,,,,بدون سیگنال,,,
Atlanta,2026-08-08,بیشینه,,,,,,,بدون سیگنال,,,
Dallas,2026-08-08,بیشینه,,,,,,,بدون سیگنال,,,
Austin,2026-08-08,بیشینه,,,,,,,بدون سیگنال,,,
Mexico City,2026-08-08,بیشینه,,,,,,,بدون سیگنال,,,
Paris,2026-08-08,بیشینه,2,30.28,1.893,31.0,0.72,0.72,بدون سیگنال,,0.7877,0.6871
Seoul,2026-08-08,بیشینه,2,33.84,1.321,36.0,2.16,2.16,بدون سیگنال,,0.5362,0.3038
Houston,2026-08-08,بیشینه,,,,,,,بدون سیگنال,,,
Madrid,2026-08-08,بیشینه,2,37.0,0.873,38.0,1.0,1.0,بدون سیگنال,,0.5213,0.4428
Kuala Lumpur,2026-08-08,بیشینه,2,31.91,0.82,33.0,1.09,1.09,بدون سیگنال,,0.428,0.4782
Los Angeles,2026-08-08,بیشینه,,,,,,,بدون سیگنال,,,
Istanbul,2026-08-08,بیشینه,2,27.91,1.261,29.0,1.09,1.09,بدون سیگنال,,0.5798,0.0702
Hong Kong,2026-08-08,بیشینه,2,34.1,1.696,34.0,0.1,-0.1,بدون سیگنال,,0.4161,0.0483
New York,2026-08-08,بیشینه,,,,,,,بدون سیگنال,,,
Chicago,2026-08-08,بیشینه,,,,,,,بدون سیگنال,,,
Jeddah,2026-08-08,بیشینه,2,37.81,2.043,39.0,1.19,1.19,loss,-0.96,0.8955,0.3618
Tel Aviv,2026-08-08,بیشینه,2,32.34,1.82,32.0,0.34,-0.34,بدون سیگنال,,0.7418,0.6424
Milan,2026-08-08,بیشینه,,,,,,,بدون سیگنال,,,
Shanghai,2026-08-08,بیشینه,2,31.86,1.039,33.0,1.14,1.14,loss,-2.26,0.8806,0.3801
Munich,2026-08-08,بیشینه,2,28.31,0.941,30.0,1.69,1.69,بدون سیگنال,,0.4829,0.189
Ankara,2026-08-08,بیشینه,2,33.23,0.889,33.0,0.23,-0.23,win,0.58,0.9976,0.6941
Singapore,2026-08-08,بیشینه,2,31.61,1.466,32.0,0.39,0.39,بدون سیگنال,,0.4878,0.6345
Tokyo,2026-08-08,بیشینه,2,33.18,1.747,,,,بدون سیگنال,,0.457,0.6397
Austin,2026-08-07,بیشینه,1,98.71,1.519,98.5,0.21,-0.21,بدون سیگنال,,,
Shanghai,2026-08-07,بیشینه,1,32.82,0.897,34.0,1.18,1.18,بدون سیگنال,,0.5571,0.1672
Jeddah,2026-08-07,بیشینه,1,37.09,1.742,38.0,0.91,0.91,بدون سیگنال,,0.4874,0.055
Atlanta,2026-08-07,بیشینه,1,88.71,2.705,86.5,2.21,-2.21,win,0.83,0.9102,0.6847
Tokyo,2026-08-07,بیشینه,1,32.91,1.49,33.0,0.09,0.09,بدون سیگنال,,0.5766,0.1112
Hong Kong,2026-08-07,بیشینه,1,32.23,1.423,33.0,0.77,0.77,بدون سیگنال,,0.4171,0.0797
Chicago,2026-08-07,بیشینه,1,85.56,2.659,86.5,0.94,0.94,loss,-1.81,0.8811,0.6656
Seoul,2026-08-07,بیشینه,1,33.82,0.936,35.0,1.18,1.18,بدون سیگنال,,0.434,0.6449
Milan,2026-08-07,بیشینه,1,34.51,1.595,33.0,1.51,-1.51,بدون سیگنال,,0.4495,0.6313
Istanbul,2026-08-07,بیشینه,1,27.64,0.95,28.0,0.36,0.36,بدون سیگنال,,0.4858,0.0668
New York,2026-08-07,بیشینه,1,91.31,3.04,92.5,1.19,1.19,win,0.27,0.9029,0.7736
Houston,2026-08-07,بیشینه,1,94.29,1.985,92.5,1.79,-1.79,بدون سیگنال,,,
Tel Aviv,2026-08-07,بیشینه,1,31.66,1.552,32.0,0.34,0.34,بدون سیگنال,,0.4068,0.618
Mexico City,2026-08-07,بیشینه,1,21.72,1.66,24.0,2.28,2.28,بدون سیگنال,,0.4445,0.1037
Miami,2026-08-07,بیشینه,1,88.55,2.052,90.5,1.95,1.95,بدون سیگنال,,0.7478,0.681
Munich,2026-08-07,بیشینه,1,26.85,0.753,28.0,1.15,1.15,بدون سیگنال,,0.4056,0.0317
Ankara,2026-08-07,بیشینه,1,33.54,0.777,33.0,0.54,-0.54,بدون سیگنال,,0.6192,0.1749
Madrid,2026-08-07,بیشینه,1,37.77,0.918,39.0,1.23,1.23,بدون سیگنال,,0.4107,0.6555
Los Angeles,2026-08-07,بیشینه,1,81.5,9.353,78.5,3.0,-3.0,بدون سیگنال,,0.4029,0.7297
Paris,2026-08-07,بیشینه,1,26.59,1.399,27.0,0.41,0.41,بدون سیگنال,,0.487,0.6297
Kuala Lumpur,2026-08-07,بیشینه,1,32.09,0.788,35.0,2.91,2.91,بدون سیگنال,,0.4203,0.4335
Singapore,2026-08-07,بیشینه,1,31.76,1.25,33.0,1.24,1.24,بدون سیگنال,,0.4392,0.6815
Dallas,2026-08-07,بیشینه,1,101.99,1.82,100.5,1.49,-1.49,loss,-0.98,0.821,0.5263
Toronto,2026-08-07,بیشینه,1,27.44,1.899,26.0,1.44,-1.44,بدون سیگنال,,0.5119,0.1098
Jeddah,2026-08-06,بیشینه,0,40.2,1.638,40.0,0.2,-0.2,بدون سیگنال,,0.4117,0.5219
Madrid,2026-08-06,بیشینه,0,36.72,1.139,38.0,1.28,1.28,بدون سیگنال,,0.415,0.6377
Dallas,2026-08-06,بیشینه,0,102.51,1.264,100.5,2.01,-2.01,بدون سیگنال,,0.7112,0.6621
Singapore,2026-08-06,بیشینه,0,31.35,0.988,32.0,0.65,0.65,بدون سیگنال,,0.406,0.3717
Toronto,2026-08-06,بیشینه,0,29.41,1.224,29.0,0.41,-0.41,بدون سیگنال,,0.5017,0.6162
Tel Aviv,2026-08-06,بیشینه,0,32.39,1.227,33.0,0.61,0.61,بدون سیگنال,,0.4011,0.3876
New York,2026-08-06,بیشینه,0,90.31,2.403,90.5,0.19,0.19,win,0.1,0.9965,0.9393
Istanbul,2026-08-06,بیشینه,0,27.69,1.048,28.0,0.31,0.31,بدون سیگنال,,0.4011,0.4614
Hong Kong,2026-08-06,بیشینه,0,30.99,0.892,34.0,3.01,3.01,بدون سیگنال,,0.4009,0.4973
Ankara,2026-08-06,بیشینه,0,31.4,0.718,32.0,0.6,0.6,بدون سیگنال,,0.4164,0.4156
Atlanta,2026-08-06,بیشینه,0,88.96,2.41,88.5,0.46,-0.46,loss,-1.1,0.8853,0.7038
Austin,2026-08-06,بیشینه,0,99.2,2.042,100.5,1.3,1.3,بدون سیگنال,,0.7004,0.5947
Chicago,2026-08-06,بیشینه,0,80.28,2.64,80.5,0.22,0.22,win,1.03,0.8622,0.6246
Mexico City,2026-08-06,بیشینه,0,23.73,2.497,24.0,0.27,0.27,بدون سیگنال,,0.4361,0.245
Los Angeles,2026-08-06,بیشینه,0,80.07,7.394,76.5,3.57,-3.57,بدون سیگنال,,0.4011,0.7044
Kuala Lumpur,2026-08-06,بیشینه,0,31.57,0.72,34.0,2.43,2.43,بدون سیگنال,,0.4007,0.5028
Miami,2026-08-06,بیشینه,0,87.24,2.304,88.5,1.26,1.26,win,0.34,0.9954,0.8111
Tokyo,2026-08-06,بیشینه,0,32.41,1.178,31.0,1.41,-1.41,بدون سیگنال,,0.4004,0.4292
Munich,2026-08-06,بیشینه,0,27.41,1.021,24.0,3.41,-3.41,بدون سیگنال,,0.6331,0.412
Milan,2026-08-06,بیشینه,0,36.86,0.958,36.0,0.86,-0.86,بدون سیگنال,,0.5041,0.6798
Houston,2026-08-06,بیشینه,0,96.17,1.719,92.5,3.67,-3.67,بدون سیگنال,,0.7864,0.681
Paris,2026-08-06,بیشینه,0,25.23,1.193,25.0,0.23,-0.23,بدون سیگنال,,0.4499,0.5854
Shanghai,2026-08-06,بیشینه,0,32.89,0.798,33.0,0.11,0.11,بدون سیگنال,,0.4016,0.2807
Seoul,2026-08-06,بیشینه,0,32.96,0.74,35.0,2.04,2.04,بدون سیگنال,,0.4003,0.4736
New York,2026-08-05,بیشینه,1,83.51,2.431,84.5,0.99,0.99,loss,-0.37,0.8944,0.5441
Singapore,2026-08-05,بیشینه,1,31.93,1.25,32.0,0.07,0.07,بدون سیگنال,,0.4954,0.6555
Miami,2026-08-05,بیشینه,1,87.69,2.052,88.5,0.81,0.81,loss,-1.7,0.8534,0.5276
Kuala Lumpur,2026-08-05,بیشینه,1,31.31,0.752,33.0,1.69,1.69,بدون سیگنال,,0.4091,0.2249
Munich,2026-08-05,بیشینه,1,31.63,1.323,34.0,2.37,2.37,بدون سیگنال,,0.417,0.1318
Ankara,2026-08-05,بیشینه,1,31.58,0.758,32.0,0.42,0.42,بدون سیگنال,,0.7853,0.4772
Chicago,2026-08-05,بیشینه,1,83.96,2.807,80.5,3.46,-3.46,بدون سیگنال,,0.4054,0.0443
Tel Aviv,2026-08-05,بیشینه,1,33.24,1.552,33.0,0.24,-0.24,بدون سیگنال,,0.4265,0.5698
Dallas,2026-08-05,بیشینه,1,102.91,1.46,100.5,2.41,-2.41,بدون سیگنال,,0.7261,0.7085
Austin,2026-08-05,بیشینه,1,99.7,2.45,98.5,1.2,-1.2,loss,-2.85,0.8195,0.4644
Atlanta,2026-08-05,بیشینه,1,86.74,3.181,88.5,1.76,1.76,win,4.34,0.8373,0.5518
Los Angeles,2026-08-05,بیشینه,1,77.75,9.353,76.5,1.25,-1.25,بدون سیگنال,,0.4009,0.682
Seoul,2026-08-05,بیشینه,1,32.18,0.936,34.0,1.82,1.82,بدون سیگنال,,0.418,0.7432
Shanghai,2026-08-05,بیشینه,1,32.55,0.886,33.0,0.45,0.45,بدون سیگنال,,0.4816,0.0463
Mexico City,2026-08-05,بیشینه,1,24.94,2.492,26.0,1.06,1.06,بدون سیگنال,,0.4122,0.702
Jeddah,2026-08-05,بیشینه,1,38.7,1.742,38.0,0.7,-0.7,بدون سیگنال,,0.6315,0.0891
Milan,2026-08-05,بیشینه,1,36.62,0.825,36.0,0.62,-0.62,loss,-1.29,0.9993,0.5883
Istanbul,2026-08-05,بیشینه,1,27.99,1.283,28.0,0.01,0.01,بدون سیگنال,,0.4319,0.6677
Hong Kong,2026-08-05,بیشینه,1,30.86,0.811,33.0,2.14,2.14,بدون سیگنال,,0.4288,0.1181
Paris,2026-08-05,بیشینه,1,27.31,1.035,28.0,0.69,0.69,بدون سیگنال,,0.4548,0.6026
Tokyo,2026-08-05,بیشینه,1,31.15,1.49,30.0,1.15,-1.15,بدون سیگنال,,0.478,0.0684
Madrid,2026-08-05,بیشینه,1,35.07,1.202,36.0,0.93,0.93,بدون سیگنال,,0.4147,0.5471
Houston,2026-08-05,بیشینه,1,96.62,1.643,96.5,0.12,-0.12,loss,-3.62,0.8425,0.6037
Toronto,2026-08-05,بیشینه,1,29.34,1.315,29.0,0.34,-0.34,بدون سیگنال,,0.5871,0.6442
Los Angeles,2026-08-04,بیشینه,1,79.36,9.353,,,,بدون سیگنال,,0.401,0.709
Houston,2026-08-04,بیشینه,1,98.01,2.039,,,,بدون سیگنال,,0.4088,0.6534
New York,2026-08-04,بیشینه,1,84.46,2.066,84.5,0.04,0.04,loss,-1.3,0.9008,0.5073
Austin,2026-08-04,بیشینه,1,100.14,3.331,100.5,0.36,0.36,win,3.62,0.8172,0.5735
Paris,2026-08-04,بیشینه,1,30.96,1.431,33.0,2.04,2.04,بدون سیگنال,,0.4322,0.3246
Hong Kong,2026-08-04,بیشینه,1,,0.725,32.0,,,بدون سیگنال,,,
Istanbul,2026-08-04,بیشینه,1,28.4,1.354,31.0,2.6,2.6,بدون سیگنال,,0.4607,0.627
Mexico City,2026-08-04,بیشینه,1,,1.043,,,,بدون سیگنال,,,
Dallas,2026-08-04,بیشینه,1,104.35,1.824,,,,بدون سیگنال,,0.4105,0.689
Toronto,2026-08-04,بیشینه,1,,0.786,,,,بدون سیگنال,,,
Munich,2026-08-04,بیشینه,1,34.18,1.418,37.0,2.82,2.82,بدون سیگنال,,0.405,0.6855
Tokyo,2026-08-04,بیشینه,1,28.82,1.577,29.0,0.18,0.18,بدون سیگنال,,0.484,0.0487
Kuala Lumpur,2026-08-04,بیشینه,1,,0.448,34.0,,,بدون سیگنال,,,
Singapore,2026-08-04,بیشینه,1,,1.25,32.0,,,بدون سیگنال,,,
Chicago,2026-08-04,بیشینه,1,85.24,1.7,84.5,0.74,-0.74,loss,-0.58,0.9065,0.5058
Atlanta,2026-08-04,بیشینه,1,87.8,2.88,,,,بدون سیگنال,,0.4091,0.0244
Seoul,2026-08-04,بیشینه,1,,0.936,34.0,,,بدون سیگنال,,,
Tel Aviv,2026-08-04,بیشینه,1,33.16,1.552,32.0,1.16,-1.16,بدون سیگنال,,0.4127,0.5681
Madrid,2026-08-04,بیشینه,1,32.96,1.099,34.0,1.04,1.04,بدون سیگنال,,0.4346,0.5579
Miami,2026-08-04,بیشینه,1,90.08,2.052,90.5,0.42,0.42,loss,-2.28,0.8872,0.454
Shanghai,2026-08-04,بیشینه,1,,0.886,33.0,,,بدون سیگنال,,,
Milan,2026-08-04,بیشینه,1,35.64,1.278,36.0,0.36,0.36,بدون سیگنال,,0.4554,0.6575
Ankara,2026-08-04,بیشینه,1,32.0,0.789,33.0,1.0,1.0,بدون سیگنال,,0.4727,0.4747
Jeddah,2026-08-04,بیشینه,1,38.94,1.742,37.0,1.94,-1.94,بدون سیگنال,,0.447,0.0362
Mexico City,2026-08-03,بیشینه,0,26.08,0.829,,,,بدون سیگنال,,0.5349,0.488
Paris,2026-08-03,بیشینه,0,34.58,1.134,36.0,1.42,1.42,بدون سیگنال,,0.4534,0.7062
Singapore,2026-08-03,بیشینه,0,31.8,0.988,33.0,1.2,1.2,بدون سیگنال,,0.5136,0.1677
Tel Aviv,2026-08-03,بیشینه,0,34.96,1.227,34.0,0.96,-0.96,بدون سیگنال,,0.4087,0.5992
Hong Kong,2026-08-03,بیشینه,0,27.26,0.975,28.0,0.74,0.74,بدون سیگنال,,0.6698,0.1894
Tokyo,2026-08-03,بیشینه,0,26.93,1.267,27.0,0.07,0.07,بدون سیگنال,,0.4085,0.0203
Istanbul,2026-08-03,بیشینه,0,27.43,1.176,28.0,0.57,0.57,بدون سیگنال,,0.5385,0.5943
Shanghai,2026-08-03,بیشینه,0,32.95,1.1,34.0,1.05,1.05,بدون سیگنال,,0.4185,0.1009
Madrid,2026-08-03,بیشینه,0,32.58,0.83,33.0,0.42,0.42,بدون سیگنال,,0.4092,0.0509
Los Angeles,2026-08-03,بیشینه,0,80.98,7.394,78.5,2.48,-2.48,بدون سیگنال,,0.4013,0.6898
Miami,2026-08-03,بیشینه,0,90.3,2.02,90.5,0.2,0.2,loss,-1.32,0.9069,0.4532
Seoul,2026-08-03,بیشینه,0,31.66,0.74,33.0,1.34,1.34,بدون سیگنال,,0.44,0.1685
Toronto,2026-08-03,بیشینه,0,25.32,0.835,27.0,1.68,1.68,بدون سیگنال,,0.669,0.1304
Jeddah,2026-08-03,بیشینه,0,39.86,1.377,41.0,1.14,1.14,بدون سیگنال,,0.5897,0.5748
Atlanta,2026-08-03,بیشینه,0,86.15,1.646,86.5,0.35,0.35,بدون سیگنال,,,
Munich,2026-08-03,بیشینه,0,33.48,1.551,36.0,2.52,2.52,بدون سیگنال,,0.4145,0.32
Chicago,2026-08-03,بیشینه,0,82.23,2.906,82.5,0.27,0.27,بدون سیگنال,,0.4074,0.5783
Ankara,2026-08-03,بیشینه,0,32.49,0.599,33.0,0.51,0.51,بدون سیگنال,,0.6039,0.4233
Houston,2026-08-03,بیشینه,0,100.38,1.995,,,,بدون سیگنال,,0.4089,0.7236
Dallas,2026-08-03,بیشینه,0,102.83,2.083,,,,بدون سیگنال,,0.4359,0.7382
Milan,2026-08-03,بیشینه,0,34.59,1.236,36.0,1.41,1.41,بدون سیگنال,,0.4172,0.528
Austin,2026-08-03,بیشینه,0,100.92,3.811,102.5,1.58,1.58,بدون سیگنال,,0.4105,0.5444
New York,2026-08-03,بیشینه,0,83.29,2.882,84.5,1.21,1.21,win,2.96,0.9157,0.6054
Kuala Lumpur,2026-08-03,بیشینه,0,31.8,0.683,34.0,2.2,2.2,بدون سیگنال,,0.5177,0.3016
